title,url,brand,main_image,description,gtin13,currency,price,product_details,information,primary_category,sub_category_1,sub_category_2,images,avg_rating,reviews_count,uniq_id,scraped_at
Pup Peroni Rounds Beef Brisket Dog Treat Each - 5 OZ,https://www.albertsons.com/shop/product-details.970300646.html,Pup-Peroni,https://images.albertsons-media.com/is/image/ABS/970300646-ECOM?$ng-ecom-pdp-desktop$&defaultImage=Not_Available,Pup Peroni Rounds Beef Brisket Dog Treat Each - 5 OZ,7910046528,USD,4.39,"Dog Snacks, with Beef Brisket
                    

                        No red 40. No fillers. Real beef no.1 ingredient. Fun round shape. Irresistible aroma. pupperoni.com. Comments or Questions? Call 1-888-321-7530 weekdays. Please provide code from bottom of package. Produced in Spanish Fork, Utah, USA.","[{'Directions': ""Feed as a snack or treat, as part of a healthy diet. Break into small pieces for small dogs. Always monitor your pet while treating. When treating, do not exceed 10% of your dog's daily calorie requirement.""}, {'Directions': ""Feed as a snack or treat, as part of a healthy diet. Break into small pieces for small dogs. Always monitor your pet while treating. When treating, do not exceed 10% of your dog's daily calorie requirement.""}, {'About the Producer': 'Big Heart Pet Brands, Inc.'}]",Pet Care,Dog Care,Dog Snacks,"images.albertsons-media.com/is/image/ABS/970300646-ECOM, images.albertsons-media.com/is/image/ABS/970300646-C1N1, images.albertsons-media.com/is/image/ABS/970300646-A1C1, images.albertsons-media.com/is/image/ABS/970300646-L4, images.albertsons-media.com/is/image/ABS/970300646-A7N1",4.8,20,82789e6b-e0e0-5226-88fe-5fd694fb5927,2022-11-24T13:47:49
Evergreen Mug Always My Sister - 1 EA,https://www.albertsons.com/shop/product-details.970310035.html,Miscellaneous,https://images.albertsons-media.com/is/image/ABS/970310035?$ng-ecom-pdp-desktop$&defaultImage=Not_Available,Evergreen Mug Always My Sister - 1 EA,80194648597,USD,15.99,,[],"Paper, Cleaning & Home",Kitchen Accessories,Gadgets & Utensils,images.albertsons-media.com/is/image/ABS/970310035,0.0,0,e194515a-34c6-5b8e-b263-aa04b32d8fdc,2022-11-24T13:47:50
Sb Thats All Mug Medications - 1 EA,https://www.albertsons.com/shop/product-details.970305475.html,Miscellaneous,https://images.albertsons-media.com/is/image/ABS/970305475?$ng-ecom-pdp-desktop$&defaultImage=Not_Available,Sb Thats All Mug Medications - 1 EA,88608369954,USD,15.99,,[],"Paper, Cleaning & Home",Kitchen Accessories,Gadgets & Utensils,images.albertsons-media.com/is/image/ABS/970305475,0.0,0,a4a08e77-6641-5043-803b-01f4c4e89ca4,2022-11-24T13:47:50
Skittles Original Valentines Day Candy Exchange Fun Size Chewy Candy - 12.33 Oz,https://www.albertsons.com/shop/product-details.970122682.html,Skittles,https://images.albertsons-media.com/is/image/ABS/970122682-ECOM?$ng-ecom-pdp-desktop$&defaultImage=Not_Available,Skittles Original Valentines Day Candy Exchange Fun Size Chewy Candy - 12.33 Oz,2200028843,USD,4.99,"Candies, Original, Valentine Exchange, Bite Size, Fun Size Pouches
                    

                        Box Contains: 23 Skittles fun size pouches with to/from on every pack. Natural & artificial flavors. Per 1 Pack Serving: 60 calories; 0.5 g sat fat (3% DV); 0 mg sodium (0% DV); 11 g total sugars. 23 servings per pack. Gluten-free. Contains bioengineered food ingredients. Plus Teacher's Card. A teacher is worth a thousand skittles packs. Consider this a start. Happy Valentine's Day. Share the rainbow. Taste the rainbow! Gelatin free. www.mars.com. Questions? Comments? Call 1-800-974-4539. Dispose properly.","[{'Product Attributes': 'Gluten Free'}, {'Product Attributes': 'Gluten Free'}, {'Directions': ""Cut along the dotted line. How to Use Your Teacher's Card: 1. Carefully cut card out from back of box. 2. Address the card and sign your name.""}, {'About the Producer': 'Mars Wrigley Confectionery US, LLC'}]",,,,"images.albertsons-media.com/is/image/ABS/970122682-ECOM, images.albertsons-media.com/is/image/ABS/970122682-C1N1, images.albertsons-media.com/is/image/ABS/970122682-A1C1, images.albertsons-media.com/is/image/ABS/970122682-L2, images.albertsons-media.com/is/image/ABS/970122682-L4, images.albertsons-media.com/is/image/ABS/970122682-A7N1",4.8,56,1c3faff1-b461-556e-8d58-0313446a2cbf,2022-11-24T13:47:52
Mud Pie Salt Pepper Grider Crate - EA,https://www.albertsons.com/shop/product-details.970109822.html,Miscellaneous,https://images.albertsons-media.com/is/image/ABS/970109822?$ng-ecom-pdp-desktop$&defaultImage=Not_Available,Mud Pie Salt Pepper Grider Crate - EA,71854067744,USD,44.99,,[],"Paper, Cleaning & Home",Kitchen Accessories,Gadgets & Utensils,images.albertsons-media.com/is/image/ABS/970109822,0.0,0,4aaa9133-6aec-556d-8b5f-dbedcd66c9ab,2022-11-24T13:47:53
Lion King Read-along Storybook And Cd - EA,https://www.albertsons.com/shop/product-details.970338156.html,Miscellaneous,https://images.albertsons-media.com/is/image/ABS/970338156?$ng-ecom-pdp-desktop$&defaultImage=Not_Available,Lion King Read-along Storybook And Cd - EA,978136804156,USD,6.99,,[],,,,images.albertsons-media.com/is/image/ABS/970338156,0.0,0,0003c119-92ab-5534-bc43-0792bcb4898a,2022-11-24T13:47:54
Ruffles Potato Chips Original - 2.5 Oz,https://www.albertsons.com/shop/product-details.960544059.html,Ruffles,https://images.albertsons-media.com/is/image/ABS/960544059?$ng-ecom-pdp-desktop$&defaultImage=Not_Available,Ruffles Potato Chips Original - 2.5 Oz,2840032445,USD,2.29,"Potato Chips, Original
                    

                        Ruffles Have Rrridges! Can't Get Enough Ridges?","[{'About the Producer': 'Frito-Lay, INC'}, {'About the Producer': 'Frito-Lay, INC'}]","Cookies, Snacks & Candy",Cookies,Variety & Multipacks,images.albertsons-media.com/is/image/ABS/960544059,0.0,0,6f9ce87b-90ee-5d39-92e8-4ce873340c5a,2022-11-24T13:47:57
Bic Silky Touch Razor - 2 Count,https://www.albertsons.com/shop/product-details.970117809.html,Bic,https://images.albertsons-media.com/is/image/ABS/970117809-ECOM?$ng-ecom-pdp-desktop$&defaultImage=Not_Available,Bic Silky Touch Razor - 2 Count,7033091614,USD,1.49,"Shaver
                    

                        Designed for a sensitive, soothing, comfortable shave. Slim head and longer, tapered handle for added control. BIC Performance Policy: If you are not satisfied with the performance of this product, please return it to BIC and we will gladly replace it at no cost to you. www.bicworld.com. Made in Greece.","[{'About the Producer': 'BIC USA'}, {'About the Producer': 'BIC USA'}]",Personal Care & Health,Trial Size,Trial Size,"images.albertsons-media.com/is/image/ABS/970117809-ECOM, images.albertsons-media.com/is/image/ABS/970117809-C1N1, images.albertsons-media.com/is/image/ABS/970117809-A1C1, images.albertsons-media.com/is/image/ABS/970117809-A7N1",3.8,59,058ee304-eef7-5caa-8a20-9f2f5d20adbb,2022-11-24T13:47:57
International Collection Pumpkin Seed Oil Virgin - 8.45 Fl. Oz.,https://www.albertsons.com/shop/product-details.960183316.html,International Collection,https://images.albertsons-media.com/is/image/ABS/960183316-ECOM?$ng-ecom-pdp-desktop$&defaultImage=Not_Available,International Collection Pumpkin Seed Oil Virgin - 8.45 Fl. Oz.,7224829205,USD,15.99,"Pumpkin Seed Oil, Virgin
                    

                        Drizzle over risotto, roasted vegetables or fish to add a pleasant flavor and aroma to your dish. No artificial flavors, color or preservatives. A gluten free food. HFA Approved: Halal Food Authority. Suitable for vegetarians and vegans. Non GMO Project verified. nongmoproject.org. Unrefined. Cold pressed. Cooking Temperature: Low. www.worldfiner.com. www.internationalcollectionoils.com. Product of Austria. Packed in the UK.","[{'Product Attributes': 'Gluten Free,Vegan'}, {'Product Attributes': 'Gluten Free,Vegan'}, {'Warning': 'Contains: Processed in a facility that handles tree nut and peanut oils.'}, {'Directions': 'Store in a cool, dry place away from direct sunlight.'}, {'About the Producer': 'WORLD FINER FOODS'}]","Condiments, Spice & Bake",Vinegar & Oil,Specialty Oil,"images.albertsons-media.com/is/image/ABS/960183316-ECOM, images.albertsons-media.com/is/image/ABS/960183316-C1N1, images.albertsons-media.com/is/image/ABS/960183316-A1C1, images.albertsons-media.com/is/image/ABS/960183316-L2, images.albertsons-media.com/is/image/ABS/960183316-L4, images.albertsons-media.com/is/image/ABS/960183316-A7N1",0.0,0,0729b686-1a75-5faf-861c-d0099d1a1c50,2022-11-24T13:47:59
S&W Heirloom Series Beans Jacobs Cattle - 15 Oz,https://www.albertsons.com/shop/product-details.960548933.html,S & W,https://images.albertsons-media.com/is/image/ABS/960548933-ECOM?$ng-ecom-pdp-desktop$&defaultImage=Not_Available,S&W Heirloom Series Beans Jacobs Cattle - 15 Oz,7227344016,USD,1.29,"Beans, Jacob's Cattle, Heirloom Series
                    

                        Limited Edition 6 g protein. 11 g fiber. Fat free. Non-GMO Project verified. nongmoproject.org. Premium quality since 1896. Make It Special with S&W. S&W quality starts with the best beans from the best fields, gently soaked and heated to the perfect texture. We've done all the work, to make sure the beans are ready when you are. Because better beans make better meals. Heirloom Series: These white beans with vivid splashes of maroon are named for their resemblance to a herd of cattle, and hang love been a favorite in western Maine. This lovely, mild flavored bean is perfect in chili, chowder, baked beans or any salad. Satisfaction Guarantee: If for any reason you're not satisfied, we'll give you a full refund. Contact us at swbeans.com. swbeans.com. Non BPA can lining (Can liner not derived from BPA).","[{'Product Attributes': 'Fat Free,Gluten Free'}, {'Product Attributes': 'Fat Free,Gluten Free'}, {'About the Producer': 'Faribault Foods, Inc.'}]",Canned Goods & Soups,Canned Seafood & Fish,Shrimp,"images.albertsons-media.com/is/image/ABS/960548933-ECOM, images.albertsons-media.com/is/image/ABS/960548933-C1N1, images.albertsons-media.com/is/image/ABS/960548933-A1C1, images.albertsons-media.com/is/image/ABS/960548933-L2, images.albertsons-media.com/is/image/ABS/960548933-L4, images.albertsons-media.com/is/image/ABS/960548933-A7N1",0.0,0,da4b3b76-f4ce-57c7-a3da-967f3ad2592b,2022-11-24T13:47:59
Always Anti Bunch Long Liner - 48 CT,https://www.albertsons.com/shop/product-details.970308292.html,Always,https://images.albertsons-media.com/is/image/ABS/970308292-ECOM?$ng-ecom-pdp-desktop$&defaultImage=Not_Available,Always Anti Bunch Long Liner - 48 CT,3077202267,USD,5.49,"Liners, Anti-Bunch, Xtra Protection, Long
                    

                        LeakGuard Core + barriers. Edge2Edge adhesive. Super soft cover. www.pg.com. how2recycle.info. www.always.com. Questions? 1-800-888-3115. Find Your Best Always Liners Fit: Bikini coverage. Daily freshness & comfort. Always No Feel Protection; Always Radiant. Brief Coverage. Extra protection. Always Anti-Bunch; Always 3in1. Assembled in Canada.","[{'Directions': '1. To use. 2. To dispose. Do not flush.'}, {'Directions': '1. To use. 2. To dispose. Do not flush.'}, {'About the Producer': 'Procter & Gamble'}]",Personal Care & Health,Feminine Care,Liners,"images.albertsons-media.com/is/image/ABS/970308292-ECOM, images.albertsons-media.com/is/image/ABS/970308292-C1N1, images.albertsons-media.com/is/image/ABS/970308292-A1C1, images.albertsons-media.com/is/image/ABS/970308292-L4, images.albertsons-media.com/is/image/ABS/970308292-A7N1",4.7,898,32d7321b-488e-5ba7-becd-41857e06c942,2022-11-24T13:48:00
Resers Relish Cranberry Orange - 12 Oz,https://www.albertsons.com/shop/product-details.960151538.html,Resers,https://images.albertsons-media.com/is/image/ABS/960151538-A1C1?$ng-ecom-pdp-desktop$&defaultImage=Not_Available,Resers Relish Cranberry Orange - 12 Oz,7111728002,USD,4.49,"Reser's Cranberry Orange Relish features whole cranberries with apple and a touch of orange peel. This unique topping is a perfect complement to any meat dish.

Use as a topping on turkey or roast
A delicious side dish or salad
Sweet and tangy
Keep refrigerated




                        Cranberry Orange Relish
                    

                        Reser's Cranberry Orange Relish features whole cranberries with apple and a touch of orange peel. This unique topping is a perfect complement to any meat dish.","[{'Directions': 'Keep refrigerated.'}, {'Directions': 'Keep refrigerated.'}, {'About the Producer': ""Reser's Fine Foods""}]",Deli,Deli Salads,Deli Salads,"images.albertsons-media.com/is/image/ABS/960151538-A1C1, images.albertsons-media.com/is/image/ABS/960151538-L2, images.albertsons-media.com/is/image/ABS/960151538-A7N1",0.0,0,34c6e9fe-174e-5c1a-a987-3e262846c051,2022-11-24T13:48:03
Mud Pie Bistro Cream And Sugar Set - Each,https://www.albertsons.com/shop/product-details.960483458.html,Miscellaneous,https://images.albertsons-media.com/is/image/ABS/960483458?$ng-ecom-pdp-desktop$&defaultImage=Not_Available,Mud Pie Bistro Cream And Sugar Set - Each,71854043201,USD,29.99,,[],"Paper, Cleaning & Home",Kitchen Accessories,Gadgets & Utensils,images.albertsons-media.com/is/image/ABS/960483458,0.0,0,82108519-5658-51e1-8786-73cee90667a3,2022-11-24T13:48:04
Maybelline Color Sensational The Cream Finish Warm Me Up Lipstick - 0.15 Oz,https://www.albertsons.com/shop/product-details.960205386.html,Maybelline,https://images.albertsons-media.com/is/image/ABS/960205386?$ng-ecom-pdp-desktop$&defaultImage=Not_Available,Maybelline Color Sensational The Cream Finish Warm Me Up Lipstick - 0.15 Oz,4155419859,USD,8.99,"Maybelline Color Sensational Lipstick is a rich, creamy lipstick formula with Shea Butter that leaves behind a sensuous feeling and creamy finish for smooth, supple lips, with no feathering or bleeding. Featuring pure color pigment, this lipstick is now available in a wide range of nude, pink, red, and plum shades that are rich, warm, and ultra-flattering. Apply your lipstick by starting in the center of your upper lip. Work from the center to the outer edges of your lip, following the contours of your mouth. Repeat the technique on your lower lip. Maybelline New York is the number 1 makeup brand for every look, style and skin tone. We combine technologically advanced formulations with on-trend expertise and New York City edge - diverse, on the pulse, inspired by the city and tested on its streets.

Color so crisp, lips so smooth
Hydrating lipstick with pure color pigments and infused with Shea Butter
Sensational lip color that glides on smooth
Available in ultra-flattering shades, from luscious nudes to head-turning reds
Now includes your favorite shades from the Vivids and Buffs collections




                        The Creams, Cream Finish Lipstick Makeup","[{'Directions': 'How to Apply Lipstick: Step 1. Apply lipstick in the center of your upper lip and follow the contours of your mouth. Step 2. Glide the lipstick across the entire bottom lip.'}, {'Directions': 'How to Apply Lipstick: Step 1. Apply lipstick in the center of your upper lip and follow the contours of your mouth. Step 2. Glide the lipstick across the entire bottom lip.'}, {'About the Producer': ""L'Oréal""}]",Personal Care & Health,Skin Care & Cosmetics,Cosmetics,images.albertsons-media.com/is/image/ABS/960205386,4.2,1366,93e6349a-5b8a-5235-bdce-7e96326c721c,2022-11-24T13:48:05
El Mexicano Creminieves Wafers Chocolate Pack - 7.5 Oz,https://www.albertsons.com/shop/product-details.960128315.html,Miscellaneous,https://images.albertsons-media.com/is/image/ABS/960128315?$ng-ecom-pdp-desktop$&defaultImage=Not_Available,El Mexicano Creminieves Wafers Chocolate Pack - 7.5 Oz,4274330073,USD,1.29,,[],International Cuisine,Hispanic Foods,Hispanic Specialty,images.albertsons-media.com/is/image/ABS/960128315,0.0,0,2a1b5350-e15b-5171-a830-6027d4bdad96,2022-11-24T13:48:06
Kolorae Glitter Birthday Candle 7 - EA,https://www.albertsons.com/shop/product-details.970321212.html,Miscellaneous,https://images.albertsons-media.com/is/image/ABS/970321212?$ng-ecom-pdp-desktop$&defaultImage=Not_Available,Kolorae Glitter Birthday Candle 7 - EA,81970202421,USD,1.99,,[],"Paper, Cleaning & Home",Hardware & Home Needs,Miscellaneous Household,images.albertsons-media.com/is/image/ABS/970321212,0.0,0,3e65b238-6d43-5274-9e72-7b10329996af,2022-11-24T13:48:08
Brownwood Farms Sauce BBQ Cherry - 21 Oz,https://www.albertsons.com/shop/product-details.960226619.html,Brownwood Farms,https://images.albertsons-media.com/is/image/ABS/960226619-ECOM?$ng-ecom-pdp-desktop$&defaultImage=Not_Available,Brownwood Farms Sauce BBQ Cherry - 21 Oz,1830300506,USD,7.99,"BBQ Sauce, Cherry
                    

                        Simply delicious since 1945. GMO free sugar. Gluten free. Our products are crafted with the same level of pride and passion for freshness and quality that made a tiny little Northern Michigan roadside stand a must stop attraction for people over 70 years ago. brownwoodfarms.com. Spice up your next backyard barbeque with the sweet, tangy flavor of our amazing Cherry BBQ Sauce. As surprising as it is delicious, this award-winning, double-barrel sauce delivers both the sweet and the heat. Pure magic on the grill, fantastic in the oven, too. Pick it up and put it on your favorite meats, veggies, cheese or even french fries. Farmed with pride in Northern Michigan. 100% made, mixed & bottled in the USA.","[{'Product Attributes': 'Gluten Free'}, {'Product Attributes': 'Gluten Free'}, {'Warning': 'Contains: May contain pits.'}, {'Directions': 'Refrigerate after opening.'}, {'About the Producer': 'BROWNWOOD FARMS'}]","Condiments, Spice & Bake","Sauce, Marinades & Mixes",Barbecue Sauce,"images.albertsons-media.com/is/image/ABS/960226619-ECOM, images.albertsons-media.com/is/image/ABS/960226619-C1N1",0.0,0,9af14191-09a4-56af-8aa7-8ea0984ac181,2022-11-24T13:48:08
Claussen Premium Crisp Sauerkraut Jar - 32 Fl. Oz.,https://www.albertsons.com/shop/product-details.960043862.html,Claussen,https://images.albertsons-media.com/is/image/ABS/960043862-H1N1?$ng-ecom-pdp-desktop$&defaultImage=Not_Available,Claussen Premium Crisp Sauerkraut Jar - 32 Fl. Oz.,4470009215,USD,5.99,"With its classic tangy taste and satisfying crunch, Claussen Premium Crisp Sauerkraut enhances any meal. Claussen sauerkraut is made with fresh cabbage and packs a crisp, zesty and flavorful crunch. Our premium sauerkraut is the perfect topping for bratwurst, burgers and sausage. Add our crisp sauerkraut to your Reuben sandwich with corned beef, Swiss cheese and Russian dressing on rye bread. Claussen sauerkraut is vegan, Kosher Certified and a fat free food. Keep our 32-ounce resealable jar of sauerkraut refrigerated. 


One 32 fl oz jar of Claussen Premium Crisp Sauerkraut
Claussen Premium Crisp Sauerkraut is made with fresh cabbage
Packs a crisp, zesty and flavorful crunch
Perfect topping for bratwurst, burgers and sausage
Add our crisp sauerkraut to your Reuben sandwich




                        Premium Crisp Sauerkraut
                    

                        With its classic tangy taste and satisfying crunch, Claussen Premium Crisp Sauerkraut enhances any meal. Claussen sauerkraut is made with fresh cabbage and packs a crisp, zesty and flavorful crunch. Our premium sauerkraut is the perfect topping for bratwurst, burgers and sausage. Add our crisp sauerkraut to your Reuben sandwich with corned beef, Swiss cheese and Russian dressing on rye bread. Claussen sauerkraut is vegan, Kosher Certified and a fat free food. Keep our 32-ounce resealable jar of sauerkraut refrigerated.","[{'Directions': 'Always keep refrigerated.'}, {'Directions': 'Always keep refrigerated.'}, {'About the Producer': 'Kraft Heinz Foods Company'}]","Condiments, Spice & Bake","Pickles, Relish & Olives",Marinated Vegetables,"images.albertsons-media.com/is/image/ABS/960043862-H1N1, images.albertsons-media.com/is/image/ABS/960043862-U1N1, images.albertsons-media.com/is/image/ABS/960043862-R001",2.5,10,d06da13d-d2a9-584d-adc8-b80fbabd5822,2022-11-24T13:48:10
Kool-Aid Unsweetened Grape Artificially Flavored Powdered Drink Mix Packet - 0.14 Oz,https://www.albertsons.com/shop/product-details.120070114.html,Kool-Aid,https://images.albertsons-media.com/is/image/ABS/120070114?$ng-ecom-pdp-desktop$&defaultImage=Not_Available,Kool-Aid Unsweetened Grape Artificially Flavored Powdered Drink Mix Packet - 0.14 Oz,4300095563,USD,0.33,"Quench your thirst with the refreshing taste of Kool Aid Unsweetened Grape Artificially Flavored Powdered Drink Mix. Unsweetened powdered drink mix makes it easy to prepare a tasty purple grape drink. Our artificially flavored grape powdered drink mix is caffeine free, a good source of vitamin C and a great choice for the whole family. Each handy packet of unsweetened grape powder drink mix ensures that you always have a refreshing beverage ready to go. To prepare, empty the contents of our 0.14-ounce grape drink mix packet into a plastic or glass pitcher. Add 1 cup of sugar or your sweetener of choice. Then, just add ice and water and stir for a 2 quart supply of tasty grape Kool Aid.

One 0.14 oz packet of Kool Aid Unsweetened Grape Artificially Flavored Powdered Drink Mix
Every packet of artificially flavored grape Kool Aid drink mix makes a 2 quart pitcher
Our powder drink mix packet makes it easy to prepare a tasty beverage simply by mixing with water and sugar
Each powder drink package is bursting with refreshing grape flavor
Unsweetened Kool Aid grape drink mix is a good source of vitamin C and contains no caffeine




                        Unsweetened Grape Artificially Flavored Powdered Soft Drink Mix
                    

                        Quench your thirst with the refreshing taste of Kool Aid Unsweetened Grape Artificially Flavored Powdered Drink Mix. Unsweetened powdered drink mix makes it easy to prepare a tasty purple grape drink. Our artificially flavored grape powdered drink mix is caffeine free, a good source of vitamin C and a great choice for the whole family. Each handy packet of unsweetened grape powder drink mix ensures that you always have a refreshing beverage ready to go. To prepare, empty the contents of our 0.14-ounce grape drink mix packet into a plastic or glass pitcher. Add 1 cup of sugar or your sweetener of choice. Then, just add ice and water and stir for a 2 quart supply of tasty grape Kool Aid.","[{'Directions': 'Empty contents into large plastic or glass pitcher. Add 1 cup sugar or 1 cup SPLENDA® Sweetener, Granulated (more or less to taste). Add cold water and ice to make 2  quarts; stir to dissolve. Do not store in metal container.'}, {'Directions': 'Empty contents into large plastic or glass pitcher. Add 1 cup sugar or 1 cup SPLENDA® Sweetener, Granulated (more or less to taste). Add cold water and ice to make 2  quarts; stir to dissolve. Do not store in metal container.'}, {'About the Producer': 'Kraft Heinz Foods Company'}]",Beverages,Juice & Smoothies,Fruit Drink Mix,images.albertsons-media.com/is/image/ABS/120070114,4.9,19,8a09fccc-23f0-5322-9ced-c3b3b24e8f82,2022-11-24T13:48:10
Toasted Head Wine Red Merlot - 750 Ml,https://www.albertsons.com/shop/product-details.189060264.html,R.H. Phillips,https://images.albertsons-media.com/is/image/ABS/189060264?$ng-ecom-pdp-desktop$&defaultImage=Not_Available,Toasted Head Wine Red Merlot - 750 Ml,8711044057,USD,19.99,"Merlot, California
                    

                        The original environmentally-friendly box. Approximately three 5.6 oz glasses. One Bota Box mini. Awards & Accolades: 94 points - gold medal, California State Fair, cabernet sauvignon. Gold Medal: Critic's Challenge Wine Competition, Cabernet Sauvignon. Cabernet Sauvignon: Great wine doesn't need to cost the earth. We treat the planet with respect to bring you a delicious and environmentally conscious choice. Deep garnet in color, our smooth, rich Cabernet Sauvignon offers up enticing black cherry aromas and velvety blackberry and plum flavors. This full-bodied wine pairs nicely with barbequed tri-tip or pasta with a rich tomato sauce. Bota Box: Our new 500 ml package has a smaller carbon footprint than a 750 ml bottle: reduces greenhouse gases by 75% and waste by 50%; cuts fuel emissions due to its lighter shipping weight; produced mainly from paper which is a renewable resource. Alc 13.5% by vol. Bottled by Bota Box Vineyards Lathrop, CA, USA.","[{'Warning': 'Contains: Government Warning: (1) According to the Surgeon General, women should not drink alcoholic beverages during pregnancy because of the risk of birth defects. (2) Consumption of alcoholic beverages impairs your ability to drive a car or operate machinery, and may cause health problems.'}, {'Warning': 'Contains: Government Warning: (1) According to the Surgeon General, women should not drink alcoholic beverages during pregnancy because of the risk of birth defects. (2) Consumption of alcoholic beverages impairs your ability to drive a car or operate machinery, and may cause health problems.'}, {'About the Producer': 'R.H. Phillips Vineyard'}]","Wine, Beer & Spirits",Wine,Merlot,images.albertsons-media.com/is/image/ABS/189060264,0.0,0,988c04eb-81eb-5e26-85b1-f2c043b810c6,2022-11-24T13:48:12
Cr Gibson Tumbler Paw Prints - 1 EA,https://www.albertsons.com/shop/product-details.970308428.html,Miscellaneous,https://images.albertsons-media.com/is/image/ABS/970308428?$ng-ecom-pdp-desktop$&defaultImage=Not_Available,Cr Gibson Tumbler Paw Prints - 1 EA,929274075,USD,15.99,,[],"Paper, Cleaning & Home",Kitchen Accessories,Gadgets & Utensils,images.albertsons-media.com/is/image/ABS/970308428,0.0,0,dd54fd84-a42f-5d85-9630-04b327e7cdff,2022-11-24T13:48:12
Signature Select Oil Grapeseed - 16.9 Fl. Oz.,https://www.albertsons.com/shop/product-details.960533697.html,Signature SELECT,https://images.albertsons-media.com/is/image/ABS/960533697-ECOM?$ng-ecom-pdp-desktop$&defaultImage=Not_Available,Signature Select Oil Grapeseed - 16.9 Fl. Oz.,2113052041,USD,8.29,"Grapeseed Oil, Refined
                    

                        Quality guaranteed. 445 degrees F smoke point. 130 calories per 1 tbsp. See nutrition information for fat and saturated fat content. Non GMO Project verified. nongmoproject.org. Certified Gluten-Free. Our Signature is Our Promise: Signature Select is your assurance of great quality products at the best value everyday - from delicious frozen entrees and freshly baked French bread to home essentials. We wouldn't put our Signature on anything else. Quality and satisfaction guaranteed, or your money back. SmartLabel: Scan for more food information. www.betterlivingbrandsLLC.com. Product of Chile or Portugal.","[{'Product Attributes': 'Kosher,Gluten Free'}, {'Product Attributes': 'Kosher,Gluten Free'}, {'Warning': 'Contains: May Contain: tree nuts (almond coconut, hazelnut, pecan, pistachio, walnut), peanuts, soy, and milk. Oil will burn if overheated. If oil smokes, reduce heat.'}, {'About the Producer': 'BETTER LIVING BRANDS'}]","Condiments, Spice & Bake",Vinegar & Oil,Specialty Oil,"images.albertsons-media.com/is/image/ABS/960533697-ECOM, images.albertsons-media.com/is/image/ABS/960533697-C1N1, images.albertsons-media.com/is/image/ABS/960533697-A7N1",0.0,0,cd2f7121-8e94-56f6-aeff-97d878a65027,2022-11-24T13:48:12
Mud Pie Dot Gold Silver Wine Glass - EA,https://www.albertsons.com/shop/product-details.970005814.html,Miscellaneous,https://images.albertsons-media.com/is/image/ABS/970005814?$ng-ecom-pdp-desktop$&defaultImage=Not_Available,Mud Pie Dot Gold Silver Wine Glass - EA,71854056850,USD,41.99,,[],"Paper, Cleaning & Home",Kitchen Accessories,Gadgets & Utensils,images.albertsons-media.com/is/image/ABS/970005814,0.0,0,a8960367-467a-5145-b727-d2b18283e519,2022-11-24T13:48:14
Ferrari Carano Fume Blanc Sauvignon Blanc California White Wine - 750 Ml,https://www.albertsons.com/shop/product-details.189050559.html,Ferrari-Carano,https://images.albertsons-media.com/is/image/ABS/189050559?$ng-ecom-pdp-desktop$&defaultImage=Not_Available,Ferrari Carano Fume Blanc Sauvignon Blanc California White Wine - 750 Ml,74265112310,USD,12.99,"Sauvignon Blanc, Sonoma County, 2020
                    

                        One of Ferrari-Carano’s signature wines, this sauvignon blanc perfectly marries hibiscus, ripe flavors of peach and pear with the crisp freshness of lemon, grapefruit and orange blossom. This wine has bright acidity and crisp freshness from cool stainless steel tank fermentation, while the subtle oak character from neutral French oak adds body, complexity and depth. www.ferrari-carano.com. Visit us www.ferrari-carano.com. Alc. 13.8% by vol. Produced and Bottled by Ferrari-Carano Winery, Healdsburg, CA.","[{'Warning': 'Contains: Contains sulfites.,Government Warning: (1) According to the surgeon general, women should not drink alcoholic beverages during pregnancy because of the risk of birth defects. (2) Consumption of alcoholic beverages impairs your ability to drive a car or operate machinery, and may cause health problems.'}, {'Warning': 'Contains: Contains sulfites.,Government Warning: (1) According to the surgeon general, women should not drink alcoholic beverages during pregnancy because of the risk of birth defects. (2) Consumption of alcoholic beverages impairs your ability to drive a car or operate machinery, and may cause health problems.'}, {'Directions': 'Serve chilled.'}, {'About the Producer': 'Ferrari-Carano Winery'}]","Wine, Beer & Spirits",Wine,Sauvignon & Fume Blanc,images.albertsons-media.com/is/image/ABS/189050559,0.0,0,2a14fb8e-2d33-5d40-b39e-a0e5fef68c70,2022-11-24T13:48:14
Hormel Always Tender Peppercorn Pork Tenderloin - 1.15 Lb,https://www.albertsons.com/shop/product-details.188250152.html,Hormel,https://images.albertsons-media.com/is/image/ABS/188250152-ECOM?$ng-ecom-pdp-desktop$&defaultImage=Not_Available,Hormel Always Tender Peppercorn Pork Tenderloin - 1.15 Lb,3760039051,USD,8.99,"Peppercorn Pork Tenderloin
                    

                        No Artificial ingredients. Containing up to thirty percent of a flavoring solution (Solution Ingredients: Pork Broth, Cultured Dextrose (Contains Maltodextrin), Dried Vinegar, Flavoring, Salt, Soybean Oil, Flavor (Yeast Extract, Natural Flavor), Spices, Vinegar.). US Inspected and Passed by Department of Agriculture. www.hormel.com. Visit www.hormel.com 1-800-523-4635. Containing up to thirty percent of a flavoring solution**.","[{'Directions': 'Safe Handling Instructions: This product was prepared from inspected and passed meat and/or poultry. Some food products may contain bacteria that could cause illness if the product is mishandled or cooked improperly. For your protection, follow these safe handling instructions. Keep refrigerated or frozen. Thaw in refrigerator or microwave. Keep raw meat and poultry separate from other foods. Wash working surfaces (including cutting boards), utensils and hands after touching raw meat or poultry. Cook thoroughly. Keep hot foods hot. Refrigerate leftovers immediately or discard.\r\nBake: Always prepare meat from a thawed state.\nConventional Oven: Preheat oven to 425 Degrees F. Remove pork from package and place on a shallow baking pan. Bake uncovered, until the thickest portion of the pork reaches 155 Degrees -160 Degrees F (medium), approximately 30 minutes Let pork rest for 5 minutes. Serve and enjoy! Grill: Grill: Preheat grill to medium heat (350 Degrees F). Remove pork from package and place directly on the grate of the grill. Grill pork to a minimum internal temperature of 155 Degrees -160 Degrees F (medium), turning occasionally. Let pork rest for 5 minutes. Serve and enjoy!\r\nKeep refrigerated.\r\nUse or freeze by.'}, {'Directions': 'Safe Handling Instructions: This product was prepared from inspected and passed meat and/or poultry. Some food products may contain bacteria that could cause illness if the product is mishandled or cooked improperly. For your protection, follow these safe handling instructions. Keep refrigerated or frozen. Thaw in refrigerator or microwave. Keep raw meat and poultry separate from other foods. Wash working surfaces (including cutting boards), utensils and hands after touching raw meat or poultry. Cook thoroughly. Keep hot foods hot. Refrigerate leftovers immediately or discard.\r\nBake: Always prepare meat from a thawed state.\nConventional Oven: Preheat oven to 425 Degrees F. Remove pork from package and place on a shallow baking pan. Bake uncovered, until the thickest portion of the pork reaches 155 Degrees -160 Degrees F (medium), approximately 30 minutes Let pork rest for 5 minutes. Serve and enjoy! Grill: Grill: Preheat grill to medium heat (350 Degrees F). Remove pork from package and place directly on the grate of the grill. Grill pork to a minimum internal temperature of 155 Degrees -160 Degrees F (medium), turning occasionally. Let pork rest for 5 minutes. Serve and enjoy!\r\nKeep refrigerated.\r\nUse or freeze by.'}, {'About the Producer': 'Hormel Foods Sales'}]",Meat & Seafood,Pork,Pork Roasts & Tenderloin,"images.albertsons-media.com/is/image/ABS/188250152-ECOM, images.albertsons-media.com/is/image/ABS/188250152-C1N1, images.albertsons-media.com/is/image/ABS/188250152-L2, images.albertsons-media.com/is/image/ABS/188250152-L4, images.albertsons-media.com/is/image/ABS/188250152-A7N1",4.1,11,f422eecd-7e31-5b21-bf5d-4d4d8d7b0acc,2022-11-24T13:48:14
Weleda Products Face Cream Baby Nourishing - 1.7 OZ,https://www.albertsons.com/shop/product-details.970105521.html,Miscellaneous,https://images.albertsons-media.com/is/image/ABS/970105521?$ng-ecom-pdp-desktop$&defaultImage=Not_Available,Weleda Products Face Cream Baby Nourishing - 1.7 OZ,400163809661,USD,14.99,"Face Cream, Nourishing, Baby
                    

                        Seit 1921. Gently hydrates baby’s face. Support the moisture balance of baby's tender facial skin with this comforting cream, enriched with calendula extracts. Dermatological tested for skin safety. Our commitment to you: From parabens and phthalates. Free from synthetic preservatives and fragrances. Why calendula? Also known as the humble pot marigold, calendula is known for its nourishing properties. Your little one has delicate skin that needs gentle care as it develops. Weled’s calcendula-based baby care collection is the answer for new tummies, fingers, toes and sweet cheeks. Certified Natural Personal Care. www.natrue.org. UEBT Certified: Sourcing with respect. Weleda contributes to a world in which people and biodiversity thrive. weleda.com/uebt. Our Commitment to You: No animal testing.  Made in Germany.","[{'Directions': 'Directions: Dot a pea-sized amount on dry areas of facial skin or apply daily as needed, avoiding the eye area.'}, {'Directions': 'Directions: Dot a pea-sized amount on dry areas of facial skin or apply daily as needed, avoiding the eye area.'}, {'About the Producer': 'USA Weleda, Inc.'}]",Personal Care & Health,Skin Care & Cosmetics,Facial Moisturizers,images.albertsons-media.com/is/image/ABS/970105521,4.6,46,c4ea1a5c-1b3e-58bd-a7e1-5be55fcc3198,2022-11-24T13:48:15
hint Water Infused With Cherry - 16 .Fl. Oz.,https://www.albertsons.com/shop/product-details.960295111.html,hint,https://images.albertsons-media.com/is/image/ABS/960295111-ECOM?$ng-ecom-pdp-desktop$&defaultImage=Not_Available,hint Water Infused With Cherry - 16 .Fl. Oz.,18473900157,USD,1.99,"Water, Cherry
                    

                        Water infused with cherry essence and other natural flavors. 0 calories. Hint is vegan and free of sugar, sweeteners, MSG, nuts, soy, gluten and preservatives. Non GMO Certified by NSF. 0 sweeteners. Water that makes water love you. drinkhint.com. (at)hint. Learn more about our BPA-free bottles at drinkhint.com. 100% recyclable bottle & cap.","[{'Product Attributes': 'Kosher,Sugar Free,Gluten Free,Vegan'}, {'Product Attributes': 'Kosher,Sugar Free,Gluten Free,Vegan'}, {'About the Producer': 'Hint, Inc.'}]",Beverages,Water & Sparkling Water,Enhanced Water,"images.albertsons-media.com/is/image/ABS/960295111-ECOM, images.albertsons-media.com/is/image/ABS/960295111-C1N1, images.albertsons-media.com/is/image/ABS/960295111-A1C1, images.albertsons-media.com/is/image/ABS/960295111-L2, images.albertsons-media.com/is/image/ABS/960295111-L4, images.albertsons-media.com/is/image/ABS/960295111-A7N1",0.0,0,5a1774cc-623b-5060-a712-5dee936c8d38,2022-11-24T13:48:16
Red Man Golden Blend Chewing Tobacco - Case,https://www.albertsons.com/shop/product-details.960181690.html,Red Man,https://images.albertsons-media.com/is/image/ABS/960181690-ECOM?$ng-ecom-pdp-desktop$&defaultImage=Not_Available,Red Man Golden Blend Chewing Tobacco - Case,7019559945,USD,136.69,"Chewing Tobacco, Golden Blend, Loose Leaf
                    

                        America's best chew. Redman.com. Special seasoning packaging while supplies last. America's best. Smooth, balanced tobacco flavor. Sale only allowed in the United States. At least 65% domestic grown tobacco. Comments? 270-685-8777.","[{'Warning': 'Contains: This product can cause gum disease and tooth loss.'}, {'Warning': 'Contains: This product can cause gum disease and tooth loss.'}, {'About the Producer': 'SWEDISH MATCH'}]",,,,"images.albertsons-media.com/is/image/ABS/960181690-ECOM, images.albertsons-media.com/is/image/ABS/960181690-C1N1",0.0,0,c1bc23eb-cebf-5a6b-a45c-60a05be8dcfb,2022-11-24T13:48:16
Mei E Designer Cttn Towel Wine Opnrs - EA,https://www.albertsons.com/shop/product-details.970313851.html,Miscellaneous,https://images.albertsons-media.com/is/image/ABS/970313851?$ng-ecom-pdp-desktop$&defaultImage=Not_Available,Mei E Designer Cttn Towel Wine Opnrs - EA,81327802153,USD,4.99,,[],"Paper, Cleaning & Home",Hardware & Home Needs,Miscellaneous Household,images.albertsons-media.com/is/image/ABS/970313851,0.0,0,4ee9dc06-71e1-5d3b-96a1-83e3c064c510,2022-11-24T13:48:17
Mikeys Pocket Buffalo Chicken - 8 Oz,https://www.albertsons.com/shop/product-details.960565975.html,Miscellaneous,https://images.albertsons-media.com/is/image/ABS/960565975-ECOM?$ng-ecom-pdp-desktop$&defaultImage=Not_Available,Mikeys Pocket Buffalo Chicken - 8 Oz,85884100623,USD,8.49,"Pockets, Buffalo Style Chicken, 2 Pack
                    

                        Chicken breast with spicy buffalo sauce & mozzarella type vegan shreds in a gluten free crust. Gluten & lactose free. Egg free. Soy free. Certified Gluten Free. gfco.org. Grain free. Taste the love the taste. Mikey's Story: Our mission is to make great-tasting gluten, lactose, grain and soy free pockets using only simple ingredients. Our hope is when you try any of our foods, you taste the love we put into them - and love the taste in every bite. -Mikey. Inspected for wholesomeness by US Department of Agriculture. EatMikeys.com. Scan to learn more. Instagram: (at)mikeys. Facebook. Pinterest. Twitter. (at)eatmikeys. For more information visit: EatMikeys.com. Try our other gluten free products! Tortillas cassava flour. English muffins original. Pepperoni pizza.","[{'Product Attributes': 'Gluten Free,Lactose Free,Egg Free'}, {'Product Attributes': 'Gluten Free,Lactose Free,Egg Free'}, {'Directions': 'Cook thoroughly. Cooking Instructions: Conventional Oven: (Preferred method): Preheat oven to 375 degrees F. Remove frozen pocket from wrapper and place pocket on oven safe baking tray. Bake for 18-22 minutes, or until internal temperature reaches 165 degrees F. For a crispier crust, add 2 minutes to cooking time. Let cool for 5 minutes. It will be worth the wait! Microwave Oven: (1000 watt): Remove frozen pocket from wrapper. Place on microwave-safe plate. Cook on high power for 2 minutes or until internal temperature reaches 165 degrees F. Cook 1 pocket at a time. Let cool for 5 minutes. it will be worth the wait!\r\nKeep frozen.\r\nBest by date applies if kept frozen.'}, {'About the Producer': ""Mikey's LLC""}]",Frozen Foods,Frozen Appetizers,Pockets & Sandwiches,"images.albertsons-media.com/is/image/ABS/960565975-ECOM, images.albertsons-media.com/is/image/ABS/960565975-C1N1, images.albertsons-media.com/is/image/ABS/960565975-A1C1, images.albertsons-media.com/is/image/ABS/960565975-L2, images.albertsons-media.com/is/image/ABS/960565975-L4, images.albertsons-media.com/is/image/ABS/960565975-A7N1",0.0,0,cf6d132c-9c3e-5606-9f46-fde8cb7bc696,2022-11-24T13:48:17
O Organics Coffee Colombia Whole Bean - 26 Oz,https://www.albertsons.com/shop/product-details.960446199.html,O Organics,https://images.albertsons-media.com/is/image/ABS/960446199-ECOM?$ng-ecom-pdp-desktop$&defaultImage=Not_Available,O Organics Coffee Colombia Whole Bean - 26 Oz,7989341406,USD,15.99,"Coffee, Organic, 100% Arabica, Whole Bean, Colombia, Medium Roast
                    

                        Tasting notes: Floral nuances, chocolate overtones medium bodied, bright and lively. Non-GMO Project verified. nongmoproject.org. If it's Organic it's Non GMO. 100% Colombian coffees, all from certified organic producers working in an environmentally sensitive fashion. This coffee is rich and complex with a medium body and dense flavors of dry cocoa and milk chocolate. Freshness is an essential ingredients in the perfect cup of coffee. Organic from the Source. Doesn't it feel good to know where your food comes from? At O Organics, we carefully select ingredients which meet organic farming standards and share our commitment to organic agriculture. That's our promise. Our Promise: Quality & satisfaction 100% guaranteed or your money back. how2recycle.info. SmartLabel: Scan for more food information.","[{'Directions': 'Grinding: Type: Press; Grind: Coarse; Grind time: 5-10 seconds. Type: Drip; Grind: Medium; Grind time: 10-15 seconds. Type: Espresso; Grind: Fine; Grind time: 15-20 seconds. How to make a great cup of coffee: 1. We recommend using approximately two tablespoons of ground coffee per 6 ounces of cold water. 2. Use more or less coffee to get desired strength 3. Distribute coffee evenly in filter. 4. Remove grounds when brewing is complete.\r\nStorage: To keep coffee fresh after opening, store tightly sealed bag in a cabinet or airtight container away from light, heat and moisture. Do not refrigerate or freeze opened coffee.'}, {'Directions': 'Grinding: Type: Press; Grind: Coarse; Grind time: 5-10 seconds. Type: Drip; Grind: Medium; Grind time: 10-15 seconds. Type: Espresso; Grind: Fine; Grind time: 15-20 seconds. How to make a great cup of coffee: 1. We recommend using approximately two tablespoons of ground coffee per 6 ounces of cold water. 2. Use more or less coffee to get desired strength 3. Distribute coffee evenly in filter. 4. Remove grounds when brewing is complete.\r\nStorage: To keep coffee fresh after opening, store tightly sealed bag in a cabinet or airtight container away from light, heat and moisture. Do not refrigerate or freeze opened coffee.'}, {'About the Producer': 'Lucerne Foods, Inc.'}]",Beverages,Coffee,Coffee - Whole Bean,"images.albertsons-media.com/is/image/ABS/960446199-ECOM, images.albertsons-media.com/is/image/ABS/960446199-C1N1, images.albertsons-media.com/is/image/ABS/960446199-A1C1, images.albertsons-media.com/is/image/ABS/960446199-L4, images.albertsons-media.com/is/image/ABS/960446199-A7N1",5.0,3,02b755ce-9e97-5644-983b-df51b2304f38,2022-11-24T13:48:19
Heinz Ketchup Tomato - 114 Oz,https://www.albertsons.com/shop/product-details.960195522.html,Heinz,https://images.albertsons-media.com/is/image/ABS/960195522-ECOM?$ng-ecom-pdp-desktop$&defaultImage=Not_Available,Heinz Ketchup Tomato - 114 Oz,1300051491,USD,8.49,,[],"Condiments, Spice & Bake","Jam,Spreads & Condiments",Ketchup,"images.albertsons-media.com/is/image/ABS/960195522-ECOM, images.albertsons-media.com/is/image/ABS/960195522-C1N1, images.albertsons-media.com/is/image/ABS/960195522-A1C1, images.albertsons-media.com/is/image/ABS/960195522-L2, images.albertsons-media.com/is/image/ABS/960195522-L4, images.albertsons-media.com/is/image/ABS/960195522-A7N1",4.8,978,1753cf51-dde0-5dcf-9fdc-514a42d537c2,2022-11-24T13:48:20
Starbucks Almondmilk Caffe Latte - 40 Fl. Oz.,https://www.albertsons.com/shop/product-details.960489578.html,Starbucks,https://images.albertsons-media.com/is/image/ABS/960489578-ECOM?$ng-ecom-pdp-desktop$&defaultImage=Not_Available,Starbucks Almondmilk Caffe Latte - 40 Fl. Oz.,4850020320,USD,5.69,"Espresso Beverage, Chilled, Almond Milk, Caffe Latte
                    

                        Per 12 fl oz Serving: 130 calories. Iced espresso. Bold. Creamy. Inspired by a favorite served in our cafes every day. Starbucks espresso pairs perfectly with creamy almondmilk for a bold, satisfying sip. starbucks.com. Visit starbucks.com. For comments or questions, call 1-800-211-8307.","[{'Product Attributes': 'Kosher'}, {'Product Attributes': 'Kosher'}, {'Warning': 'Contains: Do not microwave or heat in bottle. Reject if foil is not sealed. '}, {'Directions': 'Try it hot. Shake well and serve chilled over ice, or warm up and serve hot.\r\nPerishable. Keep refrigerated.\r\nKeep refrigerated after opening and consume within seven days. For best taste, drink by date on bottle.'}, {'About the Producer': 'Starbucks Coffee Company'}]",Beverages,Coffee,Iced & Nitro Coffee,"images.albertsons-media.com/is/image/ABS/960489578-ECOM, images.albertsons-media.com/is/image/ABS/960489578-C1N1, images.albertsons-media.com/is/image/ABS/960489578-A1C1, images.albertsons-media.com/is/image/ABS/960489578-L2, images.albertsons-media.com/is/image/ABS/960489578-L4",0.0,0,22c91f99-225a-5f0f-8f61-fc2d7ea8de6f,2022-11-24T13:48:21
Mud Pie X-small Paulownia Vase - EA,https://www.albertsons.com/shop/product-details.970327272.html,Miscellaneous,https://images.albertsons-media.com/is/image/ABS/970327272?$ng-ecom-pdp-desktop$&defaultImage=Not_Available,Mud Pie X-small Paulownia Vase - EA,71854068323,USD,9.99,,[],"Paper, Cleaning & Home",Hardware & Home Needs,Miscellaneous Household,images.albertsons-media.com/is/image/ABS/970327272,0.0,0,8ad67a9a-7609-5dfa-9942-2fc9fd63415a,2022-11-24T13:48:21
Planet Goody Bobby Slides Maroon - 4 CT,https://www.albertsons.com/shop/product-details.970304296.html,Miscellaneous,https://images.albertsons-media.com/is/image/ABS/970304296-ECOM?$ng-ecom-pdp-desktop$&defaultImage=Not_Available,Planet Goody Bobby Slides Maroon - 4 CT,4145718176,USD,7.99,"Bobby Pins
                    

                        SlideProof grip for all day wear. Non-toxic dyes. goody.com. Facebook. Instagram. (hashtag)ItsAllGoody. (at)goodyhair and goody.com. We would love to hear from you. Paperboard packaging. Packaging made with recyclable kraft paper and zip ties made with plant-based materials. Kind to your hair and planet (Made with renewable plant-based materials (Excludes metal components)). Recyclable. Made in Taiwan.","[{'Warning': 'Contains: Caution! Do not apply hairspray directly on product.,Warning - Choking hazard small parts not for children under 3 years.,Not suitable for children under 3 years.'}, {'Warning': 'Contains: Caution! Do not apply hairspray directly on product.,Warning - Choking hazard small parts not for children under 3 years.,Not suitable for children under 3 years.'}, {'About the Producer': 'Goody Products, Inc'}]",Personal Care & Health,Hair Care,Hair Accessories,"images.albertsons-media.com/is/image/ABS/970304296-ECOM, images.albertsons-media.com/is/image/ABS/970304296-C1N1, images.albertsons-media.com/is/image/ABS/970304296-A1C1, images.albertsons-media.com/is/image/ABS/970304296-A7N1",0.0,0,ef70b845-199c-5b13-9642-a6717c128a06,2022-11-24T13:48:22
Harper - EA,https://www.albertsons.com/shop/product-details.970316531.html,Miscellaneous,https://images.albertsons-media.com/is/image/ABS/970316531?$ng-ecom-pdp-desktop$&defaultImage=Not_Available,Harper - EA,88766120266,USD,17.99,,[],Personal Care & Health,Eye & Ear Care,Sunglasses,images.albertsons-media.com/is/image/ABS/970316531,0.0,0,dcbc2843-60a7-5336-bf71-b9152f6c917f,2022-11-24T13:48:24
Hero Fruit Spread Blackberry - 12 Oz,https://www.albertsons.com/shop/product-details.960259263.html,Hero,https://images.albertsons-media.com/is/image/ABS/960259263-ECOM?$ng-ecom-pdp-desktop$&defaultImage=Not_Available,Hero Fruit Spread Blackberry - 12 Oz,80406602001,USD,6.99,"Fruit Spread, Blackberry
                    

                        No preservatives, artificial flavors or colors. Gluten-free. Lactose-free. Non-GMO Project verified. nongmoproject.org Finest fruit tradition. Since 1886. www.euroamericanbrands.com. Made in Spain.","[{'Product Attributes': 'Kosher,Gluten Free,Lactose Free'}, {'Product Attributes': 'Kosher,Gluten Free,Lactose Free'}, {'Directions': 'Refrigerate after opening.'}, {'About the Producer': 'Euro-American Brands, LLC'}]",International Cuisine,Misc International Foods,Misc International Foods,"images.albertsons-media.com/is/image/ABS/960259263-ECOM, images.albertsons-media.com/is/image/ABS/960259263-C1N1, images.albertsons-media.com/is/image/ABS/960259263-A1C1, images.albertsons-media.com/is/image/ABS/960259263-L2, images.albertsons-media.com/is/image/ABS/960259263-L4, images.albertsons-media.com/is/image/ABS/960259263-A7N1",0.0,0,2555999b-7608-58bd-9d26-90ff03aaea50,2022-11-24T13:48:24
Cacique Panela Cheese - 12 Oz,https://www.albertsons.com/shop/product-details.137050145.html,Cacique,https://images.albertsons-media.com/is/image/ABS/137050145-ECOM?$ng-ecom-pdp-desktop$&defaultImage=Not_Available,Cacique Panela Cheese - 12 Oz,7456200102,USD,3.99,"Cheese, Part Skim Milk, Panela
                    

                        A delectable, fresh cheese. Perfect fried or crumbled on salads & savory dishes! Gluten free. Since 1973. Quality. Authentic. Integrity. Family. Natural cheese. Made with milk from cows not treated with rBST (No significant difference has been shown between milk derived from rBST-treated and non-rBST treated cows).  Made with Grade A milk. CaciqueFoods.com. Recipes www. CaciqueFoods.com. Real California milk. Made in U.S.A.","[{'Product Attributes': 'Gluten Free'}, {'Product Attributes': 'Gluten Free'}, {'Warning': 'Contains: Contains milk.'}, {'Directions': 'Keep refrigerated.'}, {'About the Producer': 'Cacique Foods LLC'}]","Dairy, Eggs & Cheese",Cheese,Loaf & Block Cheese,"images.albertsons-media.com/is/image/ABS/137050145-ECOM, images.albertsons-media.com/is/image/ABS/137050145-C1N1, images.albertsons-media.com/is/image/ABS/137050145-A1C1, images.albertsons-media.com/is/image/ABS/137050145-L2, images.albertsons-media.com/is/image/ABS/137050145-L4, images.albertsons-media.com/is/image/ABS/137050145-A7N1",0.0,0,5beb894a-9577-5ca9-8aaa-16dea6ac9124,2022-11-24T13:48:25
Clear Tv Digitl Indoor Antenna - EA,https://www.albertsons.com/shop/product-details.970324971.html,Miscellaneous,https://images.albertsons-media.com/is/image/ABS/970324971-ECOM?$ng-ecom-pdp-desktop$&defaultImage=Not_Available,Clear Tv Digitl Indoor Antenna - EA,75235678957,USD,19.99,"Antenna, Indoor, HDTV Digital, Full HD 1080
                    

                        As seen on TV. Get broadcast for free! Our No. 1 best selling antenna brand. Be Prepared: Signal knocked out by a storm? Clear TV can still work if you have power. Bypass Cable & Satellite: Get crystal clear digital & HD broadcast shows free (Results may vary, depending on distance to broadcast towers and interference (mountains, tall buildings, trees, etc). Save Money: No contracts, monthly fees or price hikers. Works just like your old antenna, only now with a sleek design. Get these networks and more for free! NBC HD. PBS. Fox HD. The CW. My TV. CBS HD. ABC HD. Univision. Stand not included (order accessories at buycleartv.com). No contracts. No monthly fees. No price hikes. How it Works: Our Clear TV technology lets you bypass cable and satellite companies and get crystal clear digital and HD broadcast shows free! Enjoy: network shows; sporting events; local news & weather; kids' programs, and more!; incredibly clear HD signal; innovative & sleek design. Easy Set-Up: TV with digital tuner; TV without digital tuner (set top converter box). Mounting Options: standing; window mounted (suction cups included); wall mounted. Made in China.","[{'About the Producer': 'TRISTAR PRODUCTS'}, {'About the Producer': 'TRISTAR PRODUCTS'}]","Paper, Cleaning & Home",Hardware & Home Needs,Miscellaneous Household,images.albertsons-media.com/is/image/ABS/970324971-ECOM,0.0,0,8e426f57-4378-5cb1-8466-40ef85d9ee8b,2022-11-24T13:48:25
Louis Jadot 19 Pinot Noir Marsannay Le Chapitre Wine - 750 ML,https://www.albertsons.com/shop/product-details.970114254.html,Louis Jadot,https://images.albertsons-media.com/is/image/ABS/970114254-ECOM?$ng-ecom-pdp-desktop$&defaultImage=Not_Available,Louis Jadot 19 Pinot Noir Marsannay Le Chapitre Wine - 750 ML,8469265209,USD,51.99,"Le Chapitre, Marsannay
                    

                        Red burgundy wine. www.kobrandwine.com. Alc/Vol 13.5% 27 Beaune France. Product of France.","[{'Warning': 'Contains: Contains sulfites.,Government Warning: (1) According to the Surgeon General, women should not drink alcoholic beverages during pregnancy because of the risk of birth defects. (2) Consumption of alcoholic beverages impairs your ability to drive a car or operate machinery, and may cause health problems.'}, {'Warning': 'Contains: Contains sulfites.,Government Warning: (1) According to the Surgeon General, women should not drink alcoholic beverages during pregnancy because of the risk of birth defects. (2) Consumption of alcoholic beverages impairs your ability to drive a car or operate machinery, and may cause health problems.'}, {'About the Producer': 'Kobrand Corporation'}]","Wine, Beer & Spirits",Wine,Wine Blends & Other,"images.albertsons-media.com/is/image/ABS/970114254-ECOM, images.albertsons-media.com/is/image/ABS/970114254-C1N1, images.albertsons-media.com/is/image/ABS/970114254-A1C1, images.albertsons-media.com/is/image/ABS/970114254-A7N1",0.0,0,96cf46a1-9eff-500c-80c0-fa13db960096,2022-11-24T13:48:26
Cco Bird Shaped Dish - 1 EA,https://www.albertsons.com/shop/product-details.970306236.html,Miscellaneous,https://images.albertsons-media.com/is/image/ABS/970306236?$ng-ecom-pdp-desktop$&defaultImage=Not_Available,Cco Bird Shaped Dish - 1 EA,19100939025,USD,5.99,,[],"Paper, Cleaning & Home",Kitchen Accessories,Gadgets & Utensils,images.albertsons-media.com/is/image/ABS/970306236,0.0,0,282e9a20-2b51-5961-8f8b-039ad2ed95e8,2022-11-24T13:48:26
Fresh Home Special - EA,https://www.albertsons.com/shop/product-details.970331145.html,Miscellaneous,https://images.albertsons-media.com/is/image/ABS/970331145?$ng-ecom-pdp-desktop$&defaultImage=Not_Available,Fresh Home Special - EA,7482008065,USD,7.99,,[],,,,images.albertsons-media.com/is/image/ABS/970331145,0.0,0,5c42cadd-c4ee-526a-bba7-d0da2b2eb9f0,2022-11-24T13:48:27
Sawtooth Sawbrew 7 Hazy Dipa In Cans - 6-12 Fl. Oz.,https://www.albertsons.com/shop/product-details.960492999.html,Miscellaneous,https://images.albertsons-media.com/is/image/ABS/960492999?$ng-ecom-pdp-desktop$&defaultImage=Not_Available,Sawtooth Sawbrew 7 Hazy Dipa In Cans - 6-12 Fl. Oz.,1996279961,USD,13.99,,[],"Wine, Beer & Spirits",Beer,Craft Beer,images.albertsons-media.com/is/image/ABS/960492999,0.0,0,c9e49a1e-6e4d-58b0-9987-ea0c6f511b32,2022-11-24T13:48:28
Presto Popcorn Now - EA,https://www.albertsons.com/shop/product-details.970325359.html,Miscellaneous,https://images.albertsons-media.com/is/image/ABS/970325359?$ng-ecom-pdp-desktop$&defaultImage=Not_Available,Presto Popcorn Now - EA,7574104820,USD,31.99,,[],"Paper, Cleaning & Home",Hardware & Home Needs,Miscellaneous Household,images.albertsons-media.com/is/image/ABS/970325359,0.0,0,3b16d1fa-e1ea-5fba-ac2a-08ec39c26c87,2022-11-24T13:48:30
Wine Special Order 30.59 Retail - 750 ML,https://www.albertsons.com/shop/product-details.970122460.html,Miscellaneous,https://images.albertsons-media.com/is/image/ABS/970122460?$ng-ecom-pdp-desktop$&defaultImage=Not_Available,Wine Special Order 30.59 Retail - 750 ML,48906605501,USD,30.59,,[],"Wine, Beer & Spirits",Wine,Wine Blends & Other,images.albertsons-media.com/is/image/ABS/970122460,0.0,0,2062ff41-6ade-535b-a8f1-57e973292c46,2022-11-24T13:48:30
Ww Sip B - EA,https://www.albertsons.com/shop/product-details.970339135.html,Miscellaneous,https://images.albertsons-media.com/is/image/ABS/970339135?$ng-ecom-pdp-desktop$&defaultImage=Not_Available,Ww Sip B - EA,7391771421,USD,12.99,,[],,,,images.albertsons-media.com/is/image/ABS/970339135,0.0,0,02e4509b-45d2-5b18-88c0-85cd98eb18c4,2022-11-24T13:48:33
imPRESS Gel Manicure Accents Oval Funk Town - Each,https://www.albertsons.com/shop/product-details.960175497.html,Impress,https://images.albertsons-media.com/is/image/ABS/960175497-ECOM?$ng-ecom-pdp-desktop$&defaultImage=Not_Available,imPRESS Gel Manicure Accents Oval Funk Town - Each,73150962427,USD,7.99,"Press-On Manicure, Funky Town
                    

                        30 nails including 6 accents. One-step gel. No glue needed. Patented super hold adhesive. Safe on natural nails. Hassle-free removal. A nail breakthrough. Gel finish. New dual-layer adhesive. Further information included. imPressmanicure.com. Made in China.","[{'Warning': 'Contains: Caution: Keep out of the reach of children. Contains flammable prep pad. Wear beyond 7 days is not recommended.'}, {'Warning': 'Contains: Caution: Keep out of the reach of children. Contains flammable prep pad. Wear beyond 7 days is not recommended.'}, {'Directions': 'Align tab side with cuticle. Follow important steps! 1. Clean with enclosed prep pad. 2. Peel off. 3. Press on. Good for 12 months once opened.'}, {'About the Producer': 'KISS PRODUCTS'}]",Personal Care & Health,Skin Care & Cosmetics,Cosmetics,"images.albertsons-media.com/is/image/ABS/960175497-ECOM, images.albertsons-media.com/is/image/ABS/960175497-C1N1",0.0,0,9a0a743d-d02e-53f4-80f8-71bc08e29069,2022-11-24T13:48:34
Stem Flying Insect Killer Aerosol - 10 OZ,https://www.albertsons.com/shop/product-details.970303940.html,Miscellaneous,https://images.albertsons-media.com/is/image/ABS/970303940-ECOM?$ng-ecom-pdp-desktop$&defaultImage=Not_Available,Stem Flying Insect Killer Aerosol - 10 OZ,4650003281,USD,9.99,"The best defense against Mother Nature is Mother Nature. Introducing STEM Kills Flies, Mosquitoes and Gnats – a bug spray for home and outdoor use made with botanical extracts that are deadly for bugs. STEM’s scientists decode the power of nature to use botanical extracts to effectively and safely protect your family, home and pets from pests (when used as directed).

STEM plant-based active ingredient bug spray is formulated with botanical extracts to kill flies, mosquitoes and gnats. Our insecticide is safe for use around kids and pets (when used as directed).

Bug spray kills flies, mosquitoes and gnats
Plant-based active ingredient bug killer safe for use around kids and pets (when used as directed)
Entomologist tested spray made with botanical extracts to kill bugs; with fresh scent and no added dye, fragrance, or harsh chemical odors
Bug killer for indoor and outdoor use, wherever bugs try to bother you​
Rooted in Nature, Optimized by Science




                        Insect Killer, Flies/Mosquitos/Gnats
                    

                        Kills: Flies, mosquitoes, gnats. Rooted in nature. Optimized by science. Safe for use around kids + pets (When used as directed). Kills: Flies (such as house flies, bottle flies, drain flies, fruit flies), mosquitoes (such as culex quinquefasciatus), and gnats. Stem's scientists decode the power of nature to optimize plant botanicals to effectively and safely protect your family, home + pets from pests (When used as directed). Botanical extracts. Safe for use throughout your home (when as directed). Entomologist tested. No added dye, fragrance or harsh chemical color. how2recycle.info. Questions? Comments? Call 877-869-7546. This product is exempt from registration with the U.S. Environmental Protection Agency under FIFRA section 25(b) regulations.","[{'Warning': ""Contains: Precautionary Statements: Avoid contact with eyes and skin, as irritation may occur. Prolonged or frequently repeated skin contact may cause allergic reactions in some individuals. Avoid contact with food and food utensils. Do not apply to surfaces on which food is stored, prepared, or eaten. Don't spray directly on people, pets, or plants. Don't spray directly into electronic equipment. Flammable. Contents under pressure. Keep away from heat and open flame. Do not puncture or incinerate container. Exposure to temperatures above 130 degrees F may cause bursting.,First Aid: If in Eyes: Flush with water for at least 15 minutes. Remove contact lenses, if present, after first 5 minutes, then continue rinsing eye. If on Skin: Wash exposed area thoroughly with soap and water. Call a physician if irritation persists.,Keep out of reach of children. Warning: Slippery when wet. See additional precautionary statements on back panel.""}, {'Warning': ""Contains: Precautionary Statements: Avoid contact with eyes and skin, as irritation may occur. Prolonged or frequently repeated skin contact may cause allergic reactions in some individuals. Avoid contact with food and food utensils. Do not apply to surfaces on which food is stored, prepared, or eaten. Don't spray directly on people, pets, or plants. Don't spray directly into electronic equipment. Flammable. Contents under pressure. Keep away from heat and open flame. Do not puncture or incinerate container. Exposure to temperatures above 130 degrees F may cause bursting.,First Aid: If in Eyes: Flush with water for at least 15 minutes. Remove contact lenses, if present, after first 5 minutes, then continue rinsing eye. If on Skin: Wash exposed area thoroughly with soap and water. Call a physician if irritation persists.,Keep out of reach of children. Warning: Slippery when wet. See additional precautionary statements on back panel.""}, {'Directions': ""Read entire label. Use only in accordance with label instructions shake well before using. Directions for Indoor and Outdoor Use: Hold container upright Please don't spray up into air. Wait for flying insects to land before treating. Press button firmly and directly spray landed insects for approximately one second from a distance of 18 inches. Repeat as necessary. You can use this product on insects wherever they may hang out-within the guidelines provided on this label. A Note on Surfaces: This product may make floors slippery. To avoid possible injury from slips/falls or staining, after use, wipe away excess liquid after-application with a cloth and clean with soapy water until the surface is not slippery. To avoid staining, test on an inconspicuous area before applying to surfaces, as this product may damage or stain some painted surfaces, hard or wood floors, furniture, and plastics. 1. Directly spray landed insect. 2. Wipe/clean surfaces if damp.\r\nStorage and Disposal: Storage: Stove in a cool, dry area. Container Disposal: If Empty: Do not puncture or incinerate. The aluminum container may be recycled. Before offering for recycling, empty the container by using the product according to the label if recycling is not available, place in trash. If partially filled: Call your local solid waste agency or 1-800-529-3394 for disposal instructions. Never place unused product down any indoor or outdoor drain.""}, {'About the Producer': 'SC Johnson & Son, Inc.'}]","Paper, Cleaning & Home",Hardware & Home Needs,Pest Control,"images.albertsons-media.com/is/image/ABS/970303940-ECOM, images.albertsons-media.com/is/image/ABS/970303940-C1N1, images.albertsons-media.com/is/image/ABS/970303940-A1C1, images.albertsons-media.com/is/image/ABS/970303940-L4, images.albertsons-media.com/is/image/ABS/970303940-A7N1",4.6,69,6c99ab2c-de0d-5553-8c27-672799f0b3ab,2022-11-24T13:48:35
Cco Cotton Napkins Ditsy Flora - 4 CT,https://www.albertsons.com/shop/product-details.970314581.html,Miscellaneous,https://images.albertsons-media.com/is/image/ABS/970314581?$ng-ecom-pdp-desktop$&defaultImage=Not_Available,Cco Cotton Napkins Ditsy Flora - 4 CT,19100948815,USD,26.99,,[],"Paper, Cleaning & Home",Hardware & Home Needs,Miscellaneous Household,images.albertsons-media.com/is/image/ABS/970314581,0.0,0,91ae00fd-cfb7-522c-868c-06cf32c78c98,2022-11-24T13:48:35
Chile Pork Verde With Rice And Beans Large Cold,https://www.albertsons.com/shop/product-details.960306295.html,Signature CAFE,https://images.albertsons-media.com/is/image/ABS/960306295?$ng-ecom-pdp-desktop$&defaultImage=Not_Available,Chile Pork Verde With Rice And Beans Large Cold,21790900000,USD,10.0,,[],Deli,Deli Sides & Meals,Deli Side Dishes & Meals,images.albertsons-media.com/is/image/ABS/960306295,0.0,0,9e521d4b-6278-5406-98c0-2f22107f2851,2022-11-24T13:48:36
Red Man Long Cut Wintergreen Moist Snuff - Case,https://www.albertsons.com/shop/product-details.960014118.html,Red Man,https://images.albertsons-media.com/is/image/ABS/960014118-ECOM?$ng-ecom-pdp-desktop$&defaultImage=Not_Available,Red Man Long Cut Wintergreen Moist Snuff - Case,76244681100,USD,25.49,"Moist Snuff, Long Cut Wintergreen
                    

                        America's best. Comments? 270-685-8777. redman.com. Sale only allowed in the United States. At least 65% domestic grown tobacco.","[{'Warning': 'Contains: This product is not a safe alternative to cigarettes. This product can cause gum disease and tooth loss.'}, {'Warning': 'Contains: This product is not a safe alternative to cigarettes. This product can cause gum disease and tooth loss.'}, {'About the Producer': 'SWEDISH MATCH'}]",,,,"images.albertsons-media.com/is/image/ABS/960014118-ECOM, images.albertsons-media.com/is/image/ABS/960014118-C1N1",0.0,0,e64d887b-0871-5cf0-bbda-cf9068c698f9,2022-11-24T13:48:37
Aspen Pet FurBuster Nail Trimmer Perfect Paws Blister Pack - Each,https://www.albertsons.com/shop/product-details.960175248.html,Miscellaneous,https://images.albertsons-media.com/is/image/ABS/960175248-ECOM?$ng-ecom-pdp-desktop$&defaultImage=Not_Available,Aspen Pet FurBuster Nail Trimmer Perfect Paws Blister Pack - Each,2969589818,USD,14.99,"Nail Trimmer, Perfect Paws
                    

                        Batteries Included. Aspenpet. 1. On/off switch. 2. Battery door. 3. Filling stone. www.petmate.com. Made in China.","[{'Directions': 'Complete instructions enclosed. Read completely before using. 4 speed control!'}, {'Directions': 'Complete instructions enclosed. Read completely before using. 4 speed control!'}, {'About the Producer': 'Doskocil Manufacturing Company, Inc.'}]",Pet Care,Dog Care,Dog Supplies & Toys,"images.albertsons-media.com/is/image/ABS/960175248-ECOM, images.albertsons-media.com/is/image/ABS/960175248-C1N1, images.albertsons-media.com/is/image/ABS/960175248-A1C1, images.albertsons-media.com/is/image/ABS/960175248-A7N1",0.0,0,ead8af06-fd79-559c-b562-5eee00b05200,2022-11-24T13:48:37
Boi M Foundation Tee Xxl - EA,https://www.albertsons.com/shop/product-details.970319817.html,Miscellaneous,https://images.albertsons-media.com/is/image/ABS/970319817?$ng-ecom-pdp-desktop$&defaultImage=Not_Available,Boi M Foundation Tee Xxl - EA,88600743718,USD,12.99,,[],Personal Care & Health,Pantyhose & Apparel,Shirts & Sweatshirts,images.albertsons-media.com/is/image/ABS/970319817,0.0,0,5f88feea-f5e5-5a8a-81d7-f0e6b80bc76d,2022-11-24T13:48:39
Conde Nast Travele - EA,https://www.albertsons.com/shop/product-details.970339930.html,Miscellaneous,https://images.albertsons-media.com/is/image/ABS/970339930?$ng-ecom-pdp-desktop$&defaultImage=Not_Available,Conde Nast Travele - EA,7482008434,USD,6.99,,[],,,,images.albertsons-media.com/is/image/ABS/970339930,0.0,0,1dab2bd2-d80d-5567-b522-f44c610ded4f,2022-11-24T13:48:41
Grit Country Skills - EA,https://www.albertsons.com/shop/product-details.970338960.html,Miscellaneous,https://images.albertsons-media.com/is/image/ABS/970338960?$ng-ecom-pdp-desktop$&defaultImage=Not_Available,Grit Country Skills - EA,88852635863,USD,6.99,,[],,,,images.albertsons-media.com/is/image/ABS/970338960,0.0,0,b95d2535-766e-5d66-9211-8b8853d5f1fe,2022-11-24T13:48:41
Libman Mop Wonder Synthetic Twist - Each,https://www.albertsons.com/shop/product-details.960049440.html,Libman,https://images.albertsons-media.com/is/image/ABS/960049440-ECOM?$ng-ecom-pdp-desktop$&defaultImage=Not_Available,Libman Mop Wonder Synthetic Twist - Each,7173602000,USD,12.99,"Mop, Wonder
                    

                        Easier to wring. Improved: 3 inch longer handle; better reach. Microfiber gripstrips lift stubborn dirt. Fresh, machine washable mop head. Great On All These Surfaces: wood & laminate; vinyl & linoleum; ceramic tile; marble; stone. For best results use hot water. Power wringer locks into place. Deep grooves & holes wring more water. Antibacterial strips fight odor - causing bacteria. 3 times wider gripstrips lift & lock dirt. 100% satisfaction guaranteed. It's not just a company. It's our family name. For cleaning tips, visit libman.com. Facebook. Twitter. Pinterest. Instagram. Greensteps. libman.com. Family made in the USA since 1896.","[{'Directions': 'Use & Care: 1. Soak 5 minutes in hot water. 2. Push sleeve down and twist 4 times. 3. Pull sleeve up, snap into place, and mop. Machine wash or hand wash in warm, sudsy water and hang to dry. To Change Refill: 1. Pull collar up. 2. Remove mop head. 3. Push collar down.'}, {'Directions': 'Use & Care: 1. Soak 5 minutes in hot water. 2. Push sleeve down and twist 4 times. 3. Pull sleeve up, snap into place, and mop. Machine wash or hand wash in warm, sudsy water and hang to dry. To Change Refill: 1. Pull collar up. 2. Remove mop head. 3. Push collar down.'}, {'About the Producer': 'LIBMAN'}]","Paper, Cleaning & Home",Cleaners & Supplies,Sweepers & Supplies,"images.albertsons-media.com/is/image/ABS/960049440-ECOM, images.albertsons-media.com/is/image/ABS/960049440-C1N1",0.0,0,ba3a3171-e0f7-5eda-b41c-3be15bd6e533,2022-11-24T13:48:41
Claires Easter Egg Ring Set - 1 EA,https://www.albertsons.com/shop/product-details.970302179.html,Miscellaneous,https://images.albertsons-media.com/is/image/ABS/970302179?$ng-ecom-pdp-desktop$&defaultImage=Not_Available,Claires Easter Egg Ring Set - 1 EA,88871196076,USD,2.0,,[],Personal Care & Health,Hair Care,Hair Accessories,images.albertsons-media.com/is/image/ABS/970302179,0.0,0,81f7b8f3-7e21-52d3-beb8-952b2c27d1fe,2022-11-24T13:48:42
Boi W Dahlia Tee M - EA,https://www.albertsons.com/shop/product-details.970319746.html,Miscellaneous,https://images.albertsons-media.com/is/image/ABS/970319746?$ng-ecom-pdp-desktop$&defaultImage=Not_Available,Boi W Dahlia Tee M - EA,88600743776,USD,18.99,,[],Personal Care & Health,Pantyhose & Apparel,Shirts & Sweatshirts,images.albertsons-media.com/is/image/ABS/970319746,0.0,0,8cd71e9b-5c6c-5672-954f-210342765042,2022-11-24T13:48:44
Living Proof Restore Cond - 8 Oz,https://www.albertsons.com/shop/product-details.960239000.html,Living Proof,https://images.albertsons-media.com/is/image/ABS/960239000-ECOM?$ng-ecom-pdp-desktop$&defaultImage=Not_Available,Living Proof Restore Cond - 8 Oz,85492400439,USD,26.99,"Conditioner, Restore
                    

                        Reverses dryness & damage for visibly healthier hair. A nourishing, rich conditioner that helps make hair visibly healthier by smoothing, correcting and protecting. Color safe & silicone free. Further information included. www.livingproof.com Made in USA.","[{'Directions': 'Start with Restore Shampoo. Then apply Restore Conditioner, spread through hair and rinse.\r\nGood for 12 months once opened.'}, {'Directions': 'Start with Restore Shampoo. Then apply Restore Conditioner, spread through hair and rinse.\r\nGood for 12 months once opened.'}, {'About the Producer': 'LIVING PROOF'}]",Personal Care & Health,Hair Care,Professional,"images.albertsons-media.com/is/image/ABS/960239000-ECOM, images.albertsons-media.com/is/image/ABS/960239000-C1N1, images.albertsons-media.com/is/image/ABS/960239000-A1C1, images.albertsons-media.com/is/image/ABS/960239000-L4, images.albertsons-media.com/is/image/ABS/960239000-A7N1",0.0,0,7087700b-f624-5b69-911d-ca77ba9da649,2022-11-24T13:48:45
Lindy Pro Bb La An - EA,https://www.albertsons.com/shop/product-details.970335793.html,Miscellaneous,https://images.albertsons-media.com/is/image/ABS/970335793?$ng-ecom-pdp-desktop$&defaultImage=Not_Available,Lindy Pro Bb La An - EA,7447001560,USD,8.99,,[],,,,images.albertsons-media.com/is/image/ABS/970335793,0.0,0,d26b1470-84f0-5f73-8615-21d23f600b4f,2022-11-24T13:48:46
Zamzows Fundamentals Whitefish Formula - 30LB,https://www.albertsons.com/shop/product-details.970110657.html,Miscellaneous,https://images.albertsons-media.com/is/image/ABS/970110657?$ng-ecom-pdp-desktop$&defaultImage=Not_Available,Zamzows Fundamentals Whitefish Formula - 30LB,65620598515,USD,51.99,,[],Pet Care,Dog Care,Dog Food - Dry,images.albertsons-media.com/is/image/ABS/970110657,0.0,0,18aa57d7-5e5a-5323-9623-eead1f385864,2022-11-24T13:48:47
Peppers Bell Peppers Sweet Mini Prepacked - 2 Lb,https://www.albertsons.com/shop/product-details.960053452.html,Produce,https://images.albertsons-media.com/is/image/ABS/960053452-ECOM?$ng-ecom-pdp-desktop$&defaultImage=Not_Available,Peppers Bell Peppers Sweet Mini Prepacked - 2 Lb,89624700131,USD,5.99,"Sweet Peppers, Mini
                    

                        Great for snacks, salads & grilling. Good source of vitamin C. Recipes: For more recipes go to: www.PeroRecipes.com. www.PeroFamilyFarms.com. Great for snacks! Our Mini Sweet Peppers are the perfect snack! They're an excellent source for vitamin C, low in calories, have no fat or cholesterol and are big on flavor and crunch. Snack on 'em with your favorite dip, or stuffed with your own creation! Snak on 'em in your salad, or right off the grill! Any way you choose, our Mini Sweet Peppers are a sweet treat to eat! Sustainable farming since 1908. Produce of USA.","[{'Product Attributes': 'Fat Free'}, {'Product Attributes': 'Fat Free'}, {'About the Producer': 'PERO FAMILY FARMS'}]",Fruits & Vegetables,Fresh Vegetables & Herbs,Peppers,images.albertsons-media.com/is/image/ABS/960053452-ECOM,0.0,0,4202a33e-9e2e-5311-9e03-c3cc2ce75dbc,2022-11-24T13:48:47
Intelex Warmie Jr Cow - 1 EA,https://www.albertsons.com/shop/product-details.970329203.html,Miscellaneous,https://images.albertsons-media.com/is/image/ABS/970329203?$ng-ecom-pdp-desktop$&defaultImage=Not_Available,Intelex Warmie Jr Cow - 1 EA,81601802007,USD,13.99,,[],"Paper, Cleaning & Home",Hardware & Home Needs,Toys & Games,images.albertsons-media.com/is/image/ABS/970329203,0.0,0,c84b07ca-8566-58fa-8d34-921b4cb9f98e,2022-11-24T13:48:48
Internatio Oil Smoke House - 8.45 Fl. Oz.,https://www.albertsons.com/shop/product-details.960213757.html,International Collection,https://images.albertsons-media.com/is/image/ABS/960213757-ECOM?$ng-ecom-pdp-desktop$&defaultImage=Not_Available,Internatio Oil Smoke House - 8.45 Fl. Oz.,7224829225,USD,6.99,"Oil, Smoke House
                    

                        Adds a rich smoky flavor to any dish. Ideal for drizzling over meats, sauces, vegetables and more. Oils of the world. www.libertyrichter.com. www.internationalcollectionoils.com. Product of the UK, packed in the UK.","[{'Directions': 'Store in a cool dry place and away from direct sunlight.'}, {'Directions': 'Store in a cool dry place and away from direct sunlight.'}, {'About the Producer': 'WORLD FINER FOODS'}]",International Cuisine,Kosher Foods,Kosher Foods,"images.albertsons-media.com/is/image/ABS/960213757-ECOM, images.albertsons-media.com/is/image/ABS/960213757-C1N1",0.0,0,87bb73d2-a23d-5319-aae9-dc674ed7cd1e,2022-11-24T13:48:50
Pantene Base Hair Conditioner Moisturizing Rinse Off - 10.4 FZ,https://www.albertsons.com/shop/product-details.970121208.html,Pantene,https://images.albertsons-media.com/is/image/ABS/970121208?$ng-ecom-pdp-desktop$&defaultImage=Not_Available,Pantene Base Hair Conditioner Moisturizing Rinse Off - 10.4 FZ,8087819495,USD,5.19,"Conditioner, Daily Moisture Renewal
                    

                        0% paraben, colorants. No weigh down. 72 hour softness. Hard working, long lasting. Daily Moisture Renewal Pro-V Formula visibly replenishes dry hair for softness & hydration. Color Safe: Pro-V Nutrients: Protective anti-oxidants. Strengthening lipids. pH balancers. Conditioning Level: Light. Moderate. Intense. how2recycle.info. www.pantene.com. Questions? 1-800-945-7768 or visit www.pantene.com. Made in U.S.A. of U.S. and/or imported ingredients.","[{'Directions': 'Directions: Massage into wet hair after shampooing, paying special attention to ends. Rinse thoroughly.'}, {'Directions': 'Directions: Massage into wet hair after shampooing, paying special attention to ends. Rinse thoroughly.'}, {'About the Producer': 'Procter & Gamble'}]",Personal Care & Health,Hair Care,Performance Shampoo Cond,images.albertsons-media.com/is/image/ABS/970121208,4.2,1410,ed74d6b7-eb9a-5568-b091-b59d92032d2d,2022-11-24T13:48:51
Manit Hemp Seed Oil - 12.0 Oz,https://www.albertsons.com/shop/product-details.960252300.html,Manitoba Harvest,https://images.albertsons-media.com/is/image/ABS/960252300-ECOM?$ng-ecom-pdp-desktop$&defaultImage=Not_Available,Manit Hemp Seed Oil - 12.0 Oz,69765810103,USD,11.49,"Hemp Seed Oil
                    

                        12 g omegas 3 & 6 per 15 ml serving. Manitoba Harvest Hemp Seed Oil has 12 g of Omegas 3 & 6 per 15 ml serving, including Gamma-Linolenic Acid (GLA) and Stearidonic Acid (SDA). Vegan. Gluten free. Non-GMO Project verified. nongmoproject.org. Hemp foods. Unrefined. Cold pressed. Manitoba Harvest Hemp Seed Oil has 12 g of Omegas 3 & 6 per 15 ml serving, including Gamma-Linolenic Acid (GLA) and Stearidonic Acid (SDA). manitobaharvest.com. For More Tasty Ideas: Facebook; Twitter; Instagram; manitobaharvest.com. Certified B Corporation. BPA free. Carbon neutral. Product of Canada.","[{'Product Attributes': 'Kosher,Gluten Free,Vegan'}, {'Product Attributes': 'Kosher,Gluten Free,Vegan'}, {'Warning': 'Contains: Not to be used for frying or heated above 300 degrees F (150 degrees C).'}, {'Directions': 'Enjoy daily for a nutritious boost. Use in pesto & sauces. Mix into salads & dressings.\r\nRefrigerate after opening.'}, {'About the Producer': 'Fresh Hemp Foods'}]",Personal Care & Health,Vitamins & Supplements,Herbal Supplements,"images.albertsons-media.com/is/image/ABS/960252300-ECOM, images.albertsons-media.com/is/image/ABS/960252300-C1N1, images.albertsons-media.com/is/image/ABS/960252300-A1C1, images.albertsons-media.com/is/image/ABS/960252300-L4, images.albertsons-media.com/is/image/ABS/960252300-A7N1",4.7,10,5262d4ed-1740-5d65-bdbf-61c0c1836a0e,2022-11-24T13:48:52
Alba Botanica Pure Lavender SPF 45 Soothing Sunscreen - 1 Fl. Oz.,https://www.albertsons.com/shop/product-details.970118003.html,Alba Botanica,https://images.albertsons-media.com/is/image/ABS/970118003-ECOM?$ng-ecom-pdp-desktop$&defaultImage=Not_Available,Alba Botanica Pure Lavender SPF 45 Soothing Sunscreen - 1 Fl. Oz.,72474201393,USD,2.99,"Soothing Sunscreen, Pure Lavender, Broad Spectrum SPF 45
                    

                        Certified gluten free. Recommended. Skin Cancer Foundation. Active. Water resistant (80 minutes) biodegradable formula. No oxybenzone, octinoxate or animal testing. 100% natural fragrance. No artificial colors, synthetic fragrances, parabens or phthalates. Questions? Call (888) 659-7730. Reef friendly (free of ingredients identified to have potential impact to coral reefs). Cruelty free. Please recycle.","[{'Warning': ""Contains: Warnings: For external use only. Don't use on damaged/broken skin. keep out of eyes. Rinse with water to remove. Stop use and ask a doctor if rash occurs. Keep out of reach of children. If swallowed, get medical help or contact Poison Control Center right away.""}, {'Warning': ""Contains: Warnings: For external use only. Don't use on damaged/broken skin. keep out of eyes. Rinse with water to remove. Stop use and ask a doctor if rash occurs. Keep out of reach of children. If swallowed, get medical help or contact Poison Control Center right away.""}, {'Directions': 'Directions: Apply liberally 15 minutes before sun exposure. Reapply after 80 minutes of swimming/sweating, after towel drying and at least every 2 hours. Children under 6 months: ask doctor. Sun Protection Measures: Spending time in sun increases risk of skin cancer and early skin aging. To decrease risk, use sunscreen with broad-spectrum SPF 15 or higher and limit time in sun, especially 10 am - 2 pm, wear long-sleeved shirts, pants, hats, sunglasses. \nGood for 18 months once opened.'}, {'About the Producer': 'The Hain Celestial Group, Inc.'}]",Personal Care & Health,Trial Size,Trial Size,"images.albertsons-media.com/is/image/ABS/970118003-ECOM, images.albertsons-media.com/is/image/ABS/970118003-C1N1, images.albertsons-media.com/is/image/ABS/970118003-A1C1, images.albertsons-media.com/is/image/ABS/970118003-L4, images.albertsons-media.com/is/image/ABS/970118003-A7N1",0.0,0,6fc76edc-d1ed-5a52-858e-c718bedf2d76,2022-11-24T13:48:52
Ferrari-Carano Siena California Red Wine - 750 Ml,https://www.albertsons.com/shop/product-details.189059244.html,Ferrari-Carano,https://images.albertsons-media.com/is/image/ABS/189059244-ECOM?$ng-ecom-pdp-desktop$&defaultImage=Not_Available,Ferrari-Carano Siena California Red Wine - 750 Ml,74265118429,USD,26.99,"Red Wine, Sonoma County, Siena
                    

                        From the deep, rich, burnt orange soils of the Ferrari-Carano Vineyards comes this appealing red wine blend comprised of select lots of Sangiovese, Malbec, Petite Sirah and cabernet sauvignon grapes. This vibrant wine is bursting with flavors of blackberries, raspberry jam, cola, cinnamon and spice, sweet oak notes and hints of butterscotch from barrel-aging add layers of richness to this elegantly balanced red wine blend with a beautiful lingering finish. Salute. www.ferrari-carano.com. Alc. 14.5% vol. 29 Produced and bottled by Ferrari-Carano Mountain Winery, Geyserville, CA.","[{'Warning': 'Contains: Contains sulfites.,Government Warning: (1) According to the Surgeon General, women should not drink alcoholic beverages during pregnancy because of the risk of birth defects. (2) Consumption of alcoholic beverages impairs your ability to drive a car or operate machinery, and may cause health problems.\n'}, {'Warning': 'Contains: Contains sulfites.,Government Warning: (1) According to the Surgeon General, women should not drink alcoholic beverages during pregnancy because of the risk of birth defects. (2) Consumption of alcoholic beverages impairs your ability to drive a car or operate machinery, and may cause health problems.\n'}, {'About the Producer': 'Ferrari-Carano Mountain Winery'}]","Wine, Beer & Spirits",Wine,Wine Blends & Other,"images.albertsons-media.com/is/image/ABS/189059244-ECOM, images.albertsons-media.com/is/image/ABS/189059244-C1N1, images.albertsons-media.com/is/image/ABS/189059244-A1C1, images.albertsons-media.com/is/image/ABS/189059244-A7N1",0.0,0,18f35046-46ab-5a53-8171-6c4b39e78a1e,2022-11-24T13:48:54
Popular Plates - EA,https://www.albertsons.com/shop/product-details.970335517.html,Miscellaneous,https://images.albertsons-media.com/is/image/ABS/970335517?$ng-ecom-pdp-desktop$&defaultImage=Not_Available,Popular Plates - EA,7099238428,USD,9.99,,[],,,,images.albertsons-media.com/is/image/ABS/970335517,0.0,0,02397664-8d8f-5a3f-a2ca-4cfd20af088a,2022-11-24T13:48:55
Tag Farmhouse Snack Bowl - EA,https://www.albertsons.com/shop/product-details.970301268.html,Miscellaneous,https://images.albertsons-media.com/is/image/ABS/970301268?$ng-ecom-pdp-desktop$&defaultImage=Not_Available,Tag Farmhouse Snack Bowl - EA,2546624076,USD,9.99,,[],"Paper, Cleaning & Home",Kitchen Accessories,Gadgets & Utensils,images.albertsons-media.com/is/image/ABS/970301268,0.0,0,6aa6fc33-b0e7-5c43-9000-72b6624853c7,2022-11-24T13:48:57
Wet N Wild Natural Blend Lip Shimmer Sugar - .11 Oz,https://www.albertsons.com/shop/product-details.960146457.html,COVERGIRL,https://images.albertsons-media.com/is/image/ABS/960146457-ECOM?$ng-ecom-pdp-desktop$&defaultImage=Not_Available,Wet N Wild Natural Blend Lip Shimmer Sugar - .11 Oz,361630125927,USD,8.99,"Lipstick, Creme, Burnt Red Pepper 505
                    

                        Made in USA with imported parts.","[{'About the Producer': 'Coty Inc.'}, {'About the Producer': 'Coty Inc.'}]",Personal Care & Health,Skin Care & Cosmetics,Cosmetics,"images.albertsons-media.com/is/image/ABS/960146457-ECOM, images.albertsons-media.com/is/image/ABS/960146457-C1N1, images.albertsons-media.com/is/image/ABS/960146457-A1C1, images.albertsons-media.com/is/image/ABS/960146457-A7N1",0.0,0,d8faa292-a626-5143-9f49-7cb3112d2e02,2022-11-24T13:49:00
Dove Dry Shampoo Volume & Fullness - 7.3 OZ,https://www.albertsons.com/shop/product-details.970063167.html,Dove,https://images.albertsons-media.com/is/image/ABS/970063167-ECOM?$ng-ecom-pdp-desktop$&defaultImage=Not_Available,Dove Dry Shampoo Volume & Fullness - 7.3 OZ,7940045986,USD,9.79,"Each product in Dove’s new /Care Between Washes/ hair products collection is crafted to help women care for their hair on non-wash days. From new dry shampoos to new formats, this collection is perfect for refreshing, reshaping, and rehydrating a range of hair types on days when washing is not part of the plan, but beautiful hair definitely is.

Dove /Care Between Washes/ Volume &amp; Fullness Dry Shampoo is perfect for refreshing &amp; reviving hair on days between washes.

Dry shampoo leaves hair looking and feeling refreshed without washing
Dry shampoo spray absorbs excess oil from hair to revive between washes
Weightless formula instantly absorbs oil, cleanses and pumps hair with volume
Dove dry shampoo works with just a few quick sprays and brush strokes
New, large




                        Dry Shampoo, Volume & Fullness
                    

                        Refresh & revive without water. Care between washes. For days when washing is not part of the plan but beautiful hair is. Refresh hair for volume and body. Refresh for Volume and Body: Perfect for refreshing & reviving hair on days between washes. Our weightless formula instantly absorbs oil, leaving hair fresh, clean and full of healthy-looking volume and body. www.inhalant.org. dove.com. how2recycle.info. Questions or comments? Call 1-800-761-Dove (3683) or visit us at dove.com. how2recycle.info.","[{'Warning': 'Contains: Warning: Flammable until fully dry. Do not use near heat, flame or while smoking. Can cause serious injury or death. Avoid inhalation. Avoid spraying in eyes. Contents under pressure. Do not puncture or incinerate. Do not expose to heat or store at temperatures above 120 degrees F/50 degrees C or in enclosed places that could overheat. Do not use on broken skin. Stop use if rash or irritation occurs. Keep out of reach of children. Use only as directed. Intentional misuse by deliberately concentrating and inhaling the contents can be harmful or fatal. Help stop inhalation abuse. For more information visit www.inhalant.org.'}, {'Warning': 'Contains: Warning: Flammable until fully dry. Do not use near heat, flame or while smoking. Can cause serious injury or death. Avoid inhalation. Avoid spraying in eyes. Contents under pressure. Do not puncture or incinerate. Do not expose to heat or store at temperatures above 120 degrees F/50 degrees C or in enclosed places that could overheat. Do not use on broken skin. Stop use if rash or irritation occurs. Keep out of reach of children. Use only as directed. Intentional misuse by deliberately concentrating and inhaling the contents can be harmful or fatal. Help stop inhalation abuse. For more information visit www.inhalant.org.'}, {'Directions': 'How to Use: Step 1: Shake can before and during use. Hold can 8-12 inches away from the root and spray on lifted sections of dry hair. Step 2: Massage into roots to absorb oil. Step 3: Brush through and style as usual.'}, {'About the Producer': 'Unilever'}]",Personal Care & Health,Hair Care,Performance Shampoo Cond,"images.albertsons-media.com/is/image/ABS/970063167-ECOM, images.albertsons-media.com/is/image/ABS/970063167-C1N1, images.albertsons-media.com/is/image/ABS/970063167-A1C1, images.albertsons-media.com/is/image/ABS/970063167-L4, images.albertsons-media.com/is/image/ABS/970063167-A7N1",0.0,0,feef89be-676b-5ddf-ae57-27187a029897,2022-11-24T13:49:00
Batiste Dry Shampoo Floral & Flirty Blush - 6.73 Fl. Oz.,https://www.albertsons.com/shop/product-details.960162090.html,Batiste,https://images.albertsons-media.com/is/image/ABS/960162090?$ng-ecom-pdp-desktop$&defaultImage=Not_Available,Batiste Dry Shampoo Floral & Flirty Blush - 6.73 Fl. Oz.,501072452737,USD,8.99,"Dry Shampoo, Blush
                    

                        Instant hair refresh. Refresh hair without drying out. Award winning no1 brand (based on 52 week unit of dry shampoo, Nielsen All Outlet through 10/24/20) with keratin. Flirty and floral fragrance. A burst for this can of magic removes oil effectively, leaving hair looking clean and feeling all kind of fabulous without during it out. With an aroma of romantic rose combined with lychee, seize the day and sparkle by night. Give your hair a new lease on life with added body and texture between washes, whenever you need it. All hair types welcome! PSSST.... Did you know? 86% of consumers agree Batiste dry shampoo effectively remove  grease and oil from hair (Consumer study, 150  subjects, % agreement satisfaction after 1 week with 1 or more uses). Our promise. Won't dry hair out. Gently removes oil. Long lasting freshness. how2recycle.info. Instagram: (at)batiste_us. Facebook: (at)batisteus. TikTok: (at)batiste. US & Canada: 800-952-5080 M-F 9am to 5pm ET. Proud supporter of Arbor Day Foundation. Award Winning No 1 Brand (Based on 52 week unit sales of dry shampoo, Nielsen all outlet through 10/24/20). Made in USA with US and imported materials.","[{'Warning': 'Contains: Warning: Extremely flammable aerosol. Keep away from heat sparks/open flames/hot surfaces - No smoking. Do not spray on open flame or other ignition sources. Pressured container. May burst if heated.  Do not pierce or burn even after use Protect from sunlight. Do not expose to temperature exceeding 50 degree C/120 degrees F. Intentional misuse by deliberately concentrating or inhaling the contents can be harmful or fatal. Use only as directed between washes. Do not apply to broken or irritated skin. Not for intimate hygiene use. Avoid spraying in eyes. If eye contact occurs, wash with warm water, if scalp/skin irritation occurs, seek medical attention if  irritation persists. Keep out of reach of children. Solvent abuse can kill instantly.'}, {'Warning': 'Contains: Warning: Extremely flammable aerosol. Keep away from heat sparks/open flames/hot surfaces - No smoking. Do not spray on open flame or other ignition sources. Pressured container. May burst if heated.  Do not pierce or burn even after use Protect from sunlight. Do not expose to temperature exceeding 50 degree C/120 degrees F. Intentional misuse by deliberately concentrating or inhaling the contents can be harmful or fatal. Use only as directed between washes. Do not apply to broken or irritated skin. Not for intimate hygiene use. Avoid spraying in eyes. If eye contact occurs, wash with warm water, if scalp/skin irritation occurs, seek medical attention if  irritation persists. Keep out of reach of children. Solvent abuse can kill instantly.'}, {'Directions': 'Feel fabulous in 4. 1. Shake for a few seconds to wake the magic. 2. Section hair & spray towards your roots (from about 12 inches). 3. Tumble around with your fingertips and add a little head massage to ensure roots are covered. 4. Brush lightly to remove excess residue and style as desire. You are ready for the world.'}, {'About the Producer': 'Church & Dwight Co., Inc.'}]",Personal Care & Health,Hair Care,Performance Shampoo Cond,images.albertsons-media.com/is/image/ABS/960162090,4.6,14,187a3eda-6710-5ff5-af25-0fd7f9ac956c,2022-11-24T13:49:01
Signature Farms Cashews With Sea Salt Multipack - 8-1 Oz,https://www.albertsons.com/shop/product-details.960533138.html,Signature Farms,https://images.albertsons-media.com/is/image/ABS/960533138-ECOM?$ng-ecom-pdp-desktop$&defaultImage=Not_Available,Signature Farms Cashews With Sea Salt Multipack - 8-1 Oz,2113012888,USD,5.99,"Cashews, Roasted, with Sea Salt
                    

                        Delicious Quality from Farm to Table: Welcome to the extraordinary flavors, textures, and colors of Signature Farms. You can find all the produce and vegetables you want under the sun - crispy greens, perfectly ripened fruit, and all the colors of the vegetable rainbow. Non GMO Project verified. nongmoproject.org. Per 1 oz bag: 160 calories; 2.5 g sat fat (13% DV); 100 mg sodium (4% DV); 1 g total sugars. www.betterlivingbrandsLLC.com. Quality guaranteed. Our Promise: Quality & satisfaction 100% guaranteed or your money back. SmartLabel: Scan for more food information.","[{'Product Attributes': 'Kosher'}, {'Product Attributes': 'Kosher'}, {'Warning': 'Contains: Contains: tree nut (cashew). May contain: milk, wheat, soy, peanut, other tree nuts (almond, brazil nut, coconut, hazelnut, macadamia nut, pecan, pine nut, pistachio, walnut). May contain shell pieces.'}, {'Directions': 'Store in a cool, dry place.'}, {'About the Producer': 'BETTER LIVING BRANDS'}]",Fruits & Vegetables,Nuts & Dried Fruits,"Nuts, Seeds & Snacks","images.albertsons-media.com/is/image/ABS/960533138-ECOM, images.albertsons-media.com/is/image/ABS/960533138-C1N1, images.albertsons-media.com/is/image/ABS/960533138-A7N1",4.5,2,76b52725-a6e9-5887-8a33-a4c2fac942d7,2022-11-24T13:49:02
Duke Cannon Jingle Booze Holiday Classics - EA,https://www.albertsons.com/shop/product-details.970026801.html,Miscellaneous,https://images.albertsons-media.com/is/image/ABS/970026801?$ng-ecom-pdp-desktop$&defaultImage=Not_Available,Duke Cannon Jingle Booze Holiday Classics - EA,85000353982,USD,19.99,,[],Personal Care & Health,Skin Care & Cosmetics,After Bath Products,images.albertsons-media.com/is/image/ABS/970026801,0.0,0,960de634-9acd-5951-9b3c-9d297dfa19b7,2022-11-24T13:49:03
Poderi Aldo Conterno Conca Tre Pile Wine Barbera Dalba - 750 Ml,https://www.albertsons.com/shop/product-details.960566880.html,Miscellaneous,https://images.albertsons-media.com/is/image/ABS/960566880?$ng-ecom-pdp-desktop$&defaultImage=Not_Available,Poderi Aldo Conterno Conca Tre Pile Wine Barbera Dalba - 750 Ml,802877700811,USD,55.99,,[],"Wine, Beer & Spirits",Wine,Wine Blends & Other,images.albertsons-media.com/is/image/ABS/960566880,0.0,0,2385e187-76d9-5600-9857-33f91b9a5748,2022-11-24T13:49:05
Vouvray Wine Monmousseau Bottle - 750 Ml,https://www.albertsons.com/shop/product-details.960453199.html,Vouvray,https://images.albertsons-media.com/is/image/ABS/960453199-ECOM?$ng-ecom-pdp-desktop$&defaultImage=Not_Available,Vouvray Wine Monmousseau Bottle - 750 Ml,72776050233,USD,19.99,"White Wine, Monmousseau, Loire France, 2012 
                    

                        White table wine. 100% Chenin Blanc. This dry to soft wine comes from the area of Vouvray in the heart of the Touraine (Central Loire Valley). Excellent as an aperitif it will also perfectly fit with fish, seafood, poultry and generally with any creamy or saffron sauce. Alc. 12% by vol. Bottled and shipped by: J.M. Monmousseau, S.A. - 41400 Montrichard - France. Product of France.","[{'Warning': 'Contains: Contains sulfites. Government Warning: (1) According to the Surgeon General, women should not drink alcoholic beverages during pregnancy because of the risk of birth defects. (2) Consumption of alcoholic beverages impairs your ability to drive a car or operate machinery, and may cause health problems.'}, {'Warning': 'Contains: Contains sulfites. Government Warning: (1) According to the Surgeon General, women should not drink alcoholic beverages during pregnancy because of the risk of birth defects. (2) Consumption of alcoholic beverages impairs your ability to drive a car or operate machinery, and may cause health problems.'}, {'Directions': 'Serve chilled 47-50 degrees F.'}, {'About the Producer': 'BANKS CHANNEL'}]","Wine, Beer & Spirits",Wine,Wine Blends & Other,"images.albertsons-media.com/is/image/ABS/960453199-ECOM, images.albertsons-media.com/is/image/ABS/960453199-C1N1",0.0,0,3a42bf46-e56a-5d3a-b9bb-ffd6bf84f483,2022-11-24T13:49:06
Good Cook Handy Grater - Each,https://www.albertsons.com/shop/product-details.960006275.html,Good Cook,https://images.albertsons-media.com/is/image/ABS/960006275-ECOM?$ng-ecom-pdp-desktop$&defaultImage=Not_Available,Good Cook Handy Grater - Each,7675320326,USD,8.49,"Cheese Grater
                    

                        20326. Comfort grip handle. Arched, flush mounted surface makes grating easy. non-slip base. Hand wash recommended. 100% satisfaction guarantee. www.goodcook.com. Made in China.","[{'About the Producer': 'Bradshaw International, Inc.'}, {'About the Producer': 'Bradshaw International, Inc.'}]","Paper, Cleaning & Home",Kitchen Accessories,Gadgets & Utensils,"images.albertsons-media.com/is/image/ABS/960006275-ECOM, images.albertsons-media.com/is/image/ABS/960006275-C1N1, images.albertsons-media.com/is/image/ABS/960006275-A7N1",0.0,0,72dab204-ce01-59ed-89aa-53452545b0a9,2022-11-24T13:49:07
Bary3 Bottle Stoppers S/2 - EA,https://www.albertsons.com/shop/product-details.970321033.html,Miscellaneous,https://images.albertsons-media.com/is/image/ABS/970321033?$ng-ecom-pdp-desktop$&defaultImage=Not_Available,Bary3 Bottle Stoppers S/2 - EA,81950701372,USD,4.99,,[],"Paper, Cleaning & Home",Hardware & Home Needs,Miscellaneous Household,images.albertsons-media.com/is/image/ABS/970321033,0.0,0,99af2fe7-7dbd-58fe-87c5-7ff588604a21,2022-11-24T13:49:08
Lindy Ncaa Bball S - EA,https://www.albertsons.com/shop/product-details.970334618.html,Miscellaneous,https://images.albertsons-media.com/is/image/ABS/970334618?$ng-ecom-pdp-desktop$&defaultImage=Not_Available,Lindy Ncaa Bball S - EA,7148603077,USD,9.99,,[],,,,images.albertsons-media.com/is/image/ABS/970334618,0.0,0,46fb6621-e91b-56e5-bbe1-66ddc985f6ad,2022-11-24T13:49:08
Melrose Blue Chickens Placemat - EA,https://www.albertsons.com/shop/product-details.970314278.html,Miscellaneous,https://images.albertsons-media.com/is/image/ABS/970314278?$ng-ecom-pdp-desktop$&defaultImage=Not_Available,Melrose Blue Chickens Placemat - EA,74642785180,USD,4.99,,[],"Paper, Cleaning & Home",Hardware & Home Needs,Miscellaneous Household,images.albertsons-media.com/is/image/ABS/970314278,0.0,0,41b82579-33bc-526c-ba0e-b56880be916a,2022-11-24T13:49:09
Pinwheel Sleeve Tunic - EA,https://www.albertsons.com/shop/product-details.970318992.html,Miscellaneous,https://images.albertsons-media.com/is/image/ABS/970318992?$ng-ecom-pdp-desktop$&defaultImage=Not_Available,Pinwheel Sleeve Tunic - EA,81031202078,USD,11.99,,[],Personal Care & Health,Pantyhose & Apparel,Shirts & Sweatshirts,images.albertsons-media.com/is/image/ABS/970318992,0.0,0,d88362d7-fced-5b7e-9691-5b0f1469c5af,2022-11-24T13:49:09
Scour Pads 10pk - 1 EA,https://www.albertsons.com/shop/product-details.970012486.html,SIGNATURE SELECT,https://images.albertsons-media.com/is/image/ABS/970012486?$ng-ecom-pdp-desktop$&defaultImage=Not_Available,Scour Pads 10pk - 1 EA,2113013048,USD,1.0,,[],"Paper, Cleaning & Home",Cleaners & Supplies,Sweepers & Supplies,images.albertsons-media.com/is/image/ABS/970012486,0.0,0,2a0dc197-5d31-55b2-9590-1ce7046c9e25,2022-11-24T13:49:09
