product,brand,product_category,product_sub_category
Pup Peroni Rounds Beef Brisket Dog Treat Each - 5 OZ,Pup-Peroni,Pet Care,Dog Care
Evergreen Mug Always My Sister - 1 EA,Miscellaneous,"Paper, Cleaning & Home",Kitchen Accessories
Sb Thats All Mug Medications - 1 EA,Miscellaneous,"Paper, Cleaning & Home",Kitchen Accessories
Skittles Original Valentines Day Candy Exchange Fun Size Chewy Candy - 12.33 Oz,Skittles,,
Mud Pie Salt Pepper Grider Crate - EA,Miscellaneous,"Paper, Cleaning & Home",Kitchen Accessories
Lion King Read-along Storybook And Cd - EA,Miscellaneous,,
Ruffles Potato Chips Original - 2.5 Oz,Ruffles,"Cookies, Snacks & Candy",Cookies
Bic Silky Touch Razor - 2 Count,Bic,Personal Care & Health,Trial Size
International Collection Pumpkin Seed Oil Virgin - 8.45 Fl. Oz.,International Collection,"Condiments, Spice & Bake",Vinegar & Oil
S&W Heirloom Series Beans Jacobs Cattle - 15 Oz,S & W,Canned Goods & Soups,Canned Seafood & Fish
Always Anti Bunch Long Liner - 48 CT,Always,Personal Care & Health,Feminine Care
Resers Relish Cranberry Orange - 12 Oz,Resers,Deli,Deli Salads
Mud Pie Bistro Cream And Sugar Set - Each,Miscellaneous,"Paper, Cleaning & Home",Kitchen Accessories
Maybelline Color Sensational The Cream Finish Warm Me Up Lipstick - 0.15 Oz,Maybelline,Personal Care & Health,Skin Care & Cosmetics
El Mexicano Creminieves Wafers Chocolate Pack - 7.5 Oz,Miscellaneous,International Cuisine,Hispanic Foods
Kolorae Glitter Birthday Candle 7 - EA,Miscellaneous,"Paper, Cleaning & Home",Hardware & Home Needs
Brownwood Farms Sauce BBQ Cherry - 21 Oz,Brownwood Farms,"Condiments, Spice & Bake","Sauce, Marinades & Mixes"
Claussen Premium Crisp Sauerkraut Jar - 32 Fl. Oz.,Claussen,"Condiments, Spice & Bake","Pickles, Relish & Olives"
Kool-Aid Unsweetened Grape Artificially Flavored Powdered Drink Mix Packet - 0.14 Oz,Kool-Aid,Beverages,Juice & Smoothies
Toasted Head Wine Red Merlot - 750 Ml,R.H. Phillips,"Wine, Beer & Spirits",Wine
Cr Gibson Tumbler Paw Prints - 1 EA,Miscellaneous,"Paper, Cleaning & Home",Kitchen Accessories
Signature Select Oil Grapeseed - 16.9 Fl. Oz.,Signature SELECT,"Condiments, Spice & Bake",Vinegar & Oil
Mud Pie Dot Gold Silver Wine Glass - EA,Miscellaneous,"Paper, Cleaning & Home",Kitchen Accessories
Ferrari Carano Fume Blanc Sauvignon Blanc California White Wine - 750 Ml,Ferrari-Carano,"Wine, Beer & Spirits",Wine
Hormel Always Tender Peppercorn Pork Tenderloin - 1.15 Lb,Hormel,Meat & Seafood,Pork
Weleda Products Face Cream Baby Nourishing - 1.7 OZ,Miscellaneous,Personal Care & Health,Skin Care & Cosmetics
hint Water Infused With Cherry - 16 .Fl. Oz.,hint,Beverages,Water & Sparkling Water
Red Man Golden Blend Chewing Tobacco - Case,Red Man,,
Mei E Designer Cttn Towel Wine Opnrs - EA,Miscellaneous,"Paper, Cleaning & Home",Hardware & Home Needs
Mikeys Pocket Buffalo Chicken - 8 Oz,Miscellaneous,Frozen Foods,Frozen Appetizers
O Organics Coffee Colombia Whole Bean - 26 Oz,O Organics,Beverages,Coffee
Heinz Ketchup Tomato - 114 Oz,Heinz,"Condiments, Spice & Bake","Jam,Spreads & Condiments"
Starbucks Almondmilk Caffe Latte - 40 Fl. Oz.,Starbucks,Beverages,Coffee
Mud Pie X-small Paulownia Vase - EA,Miscellaneous,"Paper, Cleaning & Home",Hardware & Home Needs
Planet Goody Bobby Slides Maroon - 4 CT,Miscellaneous,Personal Care & Health,Hair Care
Harper - EA,Miscellaneous,Personal Care & Health,Eye & Ear Care
Hero Fruit Spread Blackberry - 12 Oz,Hero,International Cuisine,Misc International Foods
Cacique Panela Cheese - 12 Oz,Cacique,"Dairy, Eggs & Cheese",Cheese
Clear Tv Digitl Indoor Antenna - EA,Miscellaneous,"Paper, Cleaning & Home",Hardware & Home Needs
Louis Jadot 19 Pinot Noir Marsannay Le Chapitre Wine - 750 ML,Louis Jadot,"Wine, Beer & Spirits",Wine
Cco Bird Shaped Dish - 1 EA,Miscellaneous,"Paper, Cleaning & Home",Kitchen Accessories
Fresh Home Special - EA,Miscellaneous,,
Sawtooth Sawbrew 7 Hazy Dipa In Cans - 6-12 Fl. Oz.,Miscellaneous,"Wine, Beer & Spirits",Beer
Presto Popcorn Now - EA,Miscellaneous,"Paper, Cleaning & Home",Hardware & Home Needs
Wine Special Order 30.59 Retail - 750 ML,Miscellaneous,"Wine, Beer & Spirits",Wine
Ww Sip B - EA,Miscellaneous,,
imPRESS Gel Manicure Accents Oval Funk Town - Each,Impress,Personal Care & Health,Skin Care & Cosmetics
Stem Flying Insect Killer Aerosol - 10 OZ,Miscellaneous,"Paper, Cleaning & Home",Hardware & Home Needs
Cco Cotton Napkins Ditsy Flora - 4 CT,Miscellaneous,"Paper, Cleaning & Home",Hardware & Home Needs
Chile Pork Verde With Rice And Beans Large Cold,Signature CAFE,Deli,Deli Sides & Meals
Red Man Long Cut Wintergreen Moist Snuff - Case,Red Man,,
Aspen Pet FurBuster Nail Trimmer Perfect Paws Blister Pack - Each,Miscellaneous,Pet Care,Dog Care
Boi M Foundation Tee Xxl - EA,Miscellaneous,Personal Care & Health,Pantyhose & Apparel
Conde Nast Travele - EA,Miscellaneous,,
Grit Country Skills - EA,Miscellaneous,,
Libman Mop Wonder Synthetic Twist - Each,Libman,"Paper, Cleaning & Home",Cleaners & Supplies
Claires Easter Egg Ring Set - 1 EA,Miscellaneous,Personal Care & Health,Hair Care
Boi W Dahlia Tee M - EA,Miscellaneous,Personal Care & Health,Pantyhose & Apparel
Living Proof Restore Cond - 8 Oz,Living Proof,Personal Care & Health,Hair Care
Lindy Pro Bb La An - EA,Miscellaneous,,
Zamzows Fundamentals Whitefish Formula - 30LB,Miscellaneous,Pet Care,Dog Care
Peppers Bell Peppers Sweet Mini Prepacked - 2 Lb,Produce,Fruits & Vegetables,Fresh Vegetables & Herbs
Intelex Warmie Jr Cow - 1 EA,Miscellaneous,"Paper, Cleaning & Home",Hardware & Home Needs
Internatio Oil Smoke House - 8.45 Fl. Oz.,International Collection,International Cuisine,Kosher Foods
Pantene Base Hair Conditioner Moisturizing Rinse Off - 10.4 FZ,Pantene,Personal Care & Health,Hair Care
Manit Hemp Seed Oil - 12.0 Oz,Manitoba Harvest,Personal Care & Health,Vitamins & Supplements
Alba Botanica Pure Lavender SPF 45 Soothing Sunscreen - 1 Fl. Oz.,Alba Botanica,Personal Care & Health,Trial Size
Ferrari-Carano Siena California Red Wine - 750 Ml,Ferrari-Carano,"Wine, Beer & Spirits",Wine
Popular Plates - EA,Miscellaneous,,
Tag Farmhouse Snack Bowl - EA,Miscellaneous,"Paper, Cleaning & Home",Kitchen Accessories
Wet N Wild Natural Blend Lip Shimmer Sugar - .11 Oz,COVERGIRL,Personal Care & Health,Skin Care & Cosmetics
Dove Dry Shampoo Volume & Fullness - 7.3 OZ,Dove,Personal Care & Health,Hair Care
Batiste Dry Shampoo Floral & Flirty Blush - 6.73 Fl. Oz.,Batiste,Personal Care & Health,Hair Care
Signature Farms Cashews With Sea Salt Multipack - 8-1 Oz,Signature Farms,Fruits & Vegetables,Nuts & Dried Fruits
Duke Cannon Jingle Booze Holiday Classics - EA,Miscellaneous,Personal Care & Health,Skin Care & Cosmetics
Poderi Aldo Conterno Conca Tre Pile Wine Barbera Dalba - 750 Ml,Miscellaneous,"Wine, Beer & Spirits",Wine
Vouvray Wine Monmousseau Bottle - 750 Ml,Vouvray,"Wine, Beer & Spirits",Wine
Good Cook Handy Grater - Each,Good Cook,"Paper, Cleaning & Home",Kitchen Accessories
Bary3 Bottle Stoppers S/2 - EA,Miscellaneous,"Paper, Cleaning & Home",Hardware & Home Needs
Lindy Ncaa Bball S - EA,Miscellaneous,,
Melrose Blue Chickens Placemat - EA,Miscellaneous,"Paper, Cleaning & Home",Hardware & Home Needs
Pinwheel Sleeve Tunic - EA,Miscellaneous,Personal Care & Health,Pantyhose & Apparel
Scour Pads 10pk - 1 EA,SIGNATURE SELECT,"Paper, Cleaning & Home",Cleaners & Supplies
